id,service_id,salon_id,service_name,service_num,department_name,service_class_name,goods_id,goods_name,balance,consume_unit,consume_unit_id,unit,material_raw_json
1650754,545355,1467,直白产品-杜莎小红瓶,FW20260620226814646,皮肤科,中胚层治疗（产品）,274195,注射用透明酸钠复合溶液（嗨体1.5ml/支）,1,支,0,支,"{""id"":207986,""service_id"":545355,""goods_id"":274195,""goods_name"":""注射用透明酸钠复合溶液（嗨体1.5ml/支）"",""balance"":1,""consume_unit"":""支"",""consume_unit_id"":0,""unit"":""支"",""ratio"":1,""spu_id"":274195}"
1648115,544714,1467,直白产品-基础水光,FW20260617622167308,皮肤科,中胚层治疗（产品）,274195,注射用透明酸钠复合溶液（嗨体1.5ml/支）,1,支,0,支,"{""id"":207977,""service_id"":544714,""goods_id"":274195,""goods_name"":""注射用透明酸钠复合溶液（嗨体1.5ml/支）"",""balance"":1,""consume_unit"":""支"",""consume_unit_id"":0,""unit"":""支"",""ratio"":1,""spu_id"":274195}"
805768,365059,1467,【服务】黄金超光子（全模式）,FW20240329548640979,皮肤科,光电项目,,,,,,,
1649969,545218,1467,瑞蓝丽瑅,FW,无创科,玻尿酸（塑形填充）,,,,,,,
1648079,544687,1467,直白产品-回颜臻聚乳酸面部填充剂110.25mg/瓶,FW20260617983069529,皮肤科,中胚层治疗（产品）,274195,注射用透明酸钠复合溶液（嗨体1.5ml/支）,1,支,0,支,"{""id"":207976,""service_id"":544687,""goods_id"":274195,""goods_name"":""注射用透明酸钠复合溶液（嗨体1.5ml/支）"",""balance"":1,""consume_unit"":""支"",""consume_unit_id"":0,""unit"":""支"",""ratio"":1,""spu_id"":274195}"
180608,117821,1467,【服务】激光唇毛,20210470,皮肤科,脱毛项目,,,,,,,
1637987,543291,1467,【服务】进口肉毒加入水光20u,FW20260613029637109,无创科,肉毒素治疗,,,,,,,
1635295,541774,1467,【服务】牛奶酸上下手,FW20260611517604813,皮肤科,光电项目,,,,,,,
1635294,541773,1467,【服务】黄金超光子上下手,FW20260611095240478,皮肤科,光电项目,,,,,,,
180623,117836,1467,【服务】激光脱腋毛,20210471,皮肤科,脱毛项目,,,,,,,
1633646,541401,1467,【服务】国产肉毒加入水光15u,FW20260609152500923,无创科,肉毒素治疗,,,,,,,
403459,195271,1467,爱尔菲琳（溶脂针）,ZFJZ01,无创科,玻尿酸（塑形填充）,274211,壳聚糖季铵盐生物胶体液（爱尔菲琳黑）（10支/盒）,1,支,0,支,"{""id"":11356,""service_id"":195271,""goods_id"":274211,""goods_name"":""壳聚糖季铵盐生物胶体液（爱尔菲琳黑）（10支/盒）"",""balance"":1,""consume_unit"":""支"",""consume_unit_id"":0,""unit"":""支"",""ratio"":1,""spu_id"":274211}"
103936,68311,1467,【服务】腋毛,pfk082,皮肤科,脱毛项目,,,,,,,
1629802,541107,1467,【服务】黄金超光子全面+颈部美白模式,FW20260607461730916,皮肤科,光电项目,,,,,,,
1629801,541106,1467,菲林普利玻尿酸,FW20260607810061311,无创科,玻尿酸（塑形填充）,,,,,,,
103955,68330,1467,【服务】比基尼全脱,pfk085,皮肤科,脱毛项目,,,,,,,
840860,377890,1467,【服务】博乐达水杨酸,FW20240528892924012,皮肤科,小项目,,,,,,,
805774,365065,1467,【服务】欧洲之星全模式（不含眼）,FW20240329605373960,皮肤科,光电项目,,,,,,,
103930,68305,1467,【服务】超能美肤精华全导入,pfk002,皮肤科,小项目,,,,,,,
1627370,540373,1467,【服务】超光子大小手,FW20260603235172765,皮肤科,小项目,,,,,,,
1627369,540372,1467,【服务】牛奶酸大小手手指手背,FW20260603868412355,皮肤科,小项目,,,,,,,
1626187,540015,1467,【服务】国产衡力单部位除皱10u,FW20260601738123989,无创科,肉毒素治疗,,,,,,,
1263368,466913,1467,【服务】进口英伦大提升150,FW20250701785779913,无创科,肉毒素治疗,,,,,,,
1624243,539974,1467,【服务】丝丽动能素516眼周,FW20260531102670014,皮肤科,中胚层项目,274524,丝丽抗皱精华液516,1,支,0,支,"{""id"":205242,""service_id"":539974,""goods_id"":274524,""goods_name"":""丝丽抗皱精华液516"",""balance"":1,""consume_unit"":""支"",""consume_unit_id"":0,""unit"":""支"",""ratio"":1,""spu_id"":274524}"
1624212,539953,1467,【服务】进口botox除皱单部位10u,FW20260530469471273,无创科,肉毒素治疗,,,,,,,
1624211,539951,1467,【服务】国产肉毒加入水光20u,FW20260531446274338,无创科,肉毒素治疗,,,,,,,
1624207,539947,1467,注射（手工）,FW20260531777183098,无创科,无创手工,,,,,,,
181233,118214,1467,【服务】舒敏专家抗敏修复（照光+导入）,00700,皮肤科,光电项目,,,,,,,
1624106,539910,1467,【服务】国产肉毒加入水光10u,FW20260530351927120,无创科,肉毒素治疗,,,,,,,
1623100,539509,1467,海魅玻尿酸,FW20260529838559556,无创科,玻尿酸（塑形填充）,,,,,,,
838473,376581,1467,【服务】四肢脱毛(大腿+小腿+大小臂),FW20240523210131538,皮肤科,脱毛项目,,,,,,,
1622848,539429,1467,【服务】超光子全背部,FW20260529166748352,皮肤科,光电项目,,,,,,,
1622847,539428,1467,【服务】国产英伦大提升150u,FW20260528787597440,无创科,肉毒素治疗,,,,,,,
1622481,539340,1467,【服务】腋下牛奶酸,FW20260528107863155,皮肤科,皮肤基础项目,,,,,,,
1622482,539341,1467,【服务】腋下美白超皮秒,FW20260528437751800,皮肤科,皮肤基础项目,,,,,,,
1622435,539330,1467,【服务】国产肉毒30u加入水光,FW20260527390622732,无创科,肉毒素治疗,,,,,,,
1622332,539281,1467,【服务】国产衡力单部位除皱20u,FW20260526025538691,无创科,肉毒素治疗,,,,,,,
1622045,539206,1467,【服务】进口botox除皱单部位20u,FW20260526308022970,无创科,肉毒素治疗,,,,,,,
1622044,539205,1467,【服务】进口下颌缘+颈阔肌100u,FW20260526228243971,无创科,肉毒素治疗,,,,,,,
1620614,538332,1467,【服务】国产衡力瘦三角肌（200u）,FW20260524770230752,无创科,肉毒素治疗,,,,,,,
1620604,538322,1467,【服务】进口瘦脸50u,FW20260524511650926,无创科,肉毒素治疗,,,,,,,
1618608,537538,1467,【服务】国产颈阔肌50u,FW20260521701770880,无创科,肉毒素治疗,,,,,,,
1094773,430105,1467,【服务】止汗针衡力150单位,FW20250226346608343,皮肤科,中胚层项目,184391,101,1,件,0,件,"{""id"":135798,""service_id"":430105,""goods_id"":184391,""goods_name"":""101"",""balance"":1,""consume_unit"":""件"",""consume_unit_id"":0,""unit"":""件"",""ratio"":1,""spu_id"":184391}"
1619544,537929,1467,【服务】国产肉毒50u加入水光,FW20260522606980989,无创科,肉毒素治疗,,,,,,,
1618642,537542,1467,【服务】国产英伦大提升200u,FW20260521057271483,无创科,肉毒素治疗,,,,,,,
1618607,537537,1467,【服务】国产下颌缘50u,FW20260521197334144,无创科,肉毒素治疗,,,,,,,
1617257,537309,1467,【服务】进口英伦大提升100u,FW20260519493146751,无创科,肉毒素治疗,,,,,,,
948634,405809,1467,【服务】国产全脸除皱50u,FW20241021368335770,无创科,肉毒素治疗,,,,,,,
170385,111914,1467,【服务】小腿脱毛,046,皮肤科,脱毛项目,,,,,,,
1613779,536746,1467,【服务】国产衡力瘦腿200单位,FW20260515277623620,无创科,肉毒素治疗,,,,,,,
1613778,536745,1467,【服务】国产衡力瘦肩（200u）,FW20260515928169044,无创科,肉毒素治疗,,,,,,,
1613362,536637,1467,【服务】基础水光机打+医然童颜水凝滚针,FW20260514629269491,皮肤科,中胚层项目,184391,101,1,件,0,件,"{""id"":203970,""service_id"":536637,""goods_id"":184391,""goods_name"":""101"",""balance"":1,""consume_unit"":""件"",""consume_unit_id"":0,""unit"":""件"",""ratio"":1,""spu_id"":184391}"
805801,365092,1467,【服务】进口botox中上面部（3个部位）,FW20240329077967352,无创科,肉毒素治疗,,,,,,,
1601408,534879,1467,弗缦1.0ml胶原水光,FW20260503980267445,皮肤科,水光,,,,,,,
805770,365061,1467,【服务】超皮秒（全模式）,FW20240329058073837,皮肤科,光电项目,,,,,,,
430475,211713,1467,【服务】超声炮全模式（加强版）,CSP0004,皮肤科,光电项目,,,,,,,
514052,256666,1467,【服务】杜莎之谜小黑瓶,pfk1149,皮肤科,中胚层项目,274511,杜莎之谜聚乙二醇医用敷料（小黑5.0ml）,1,支,0,支,"{""id"":11248,""service_id"":256666,""goods_id"":274511,""goods_name"":""杜莎之谜聚乙二醇医用敷料（小黑5.0ml）"",""balance"":1,""consume_unit"":""支"",""consume_unit_id"":0,""unit"":""支"",""ratio"":1,""spu_id"":274511}"
365664,179087,1467,【服务】瑞蓝唯瑅(1ml/支),PFK01,皮肤科,中胚层项目,,,,,,,
805809,365100,1467,【服务】国产衡力颈阔肌,FW20240329908078394,无创科,肉毒素治疗,,,,,,,
1598861,534045,1467,乔雅登盈致,FW20260428638925290,无创科,玻尿酸（塑形填充）,,,,,,,
805797,365088,1467,【服务】国产衡力瘦脸针+下颌缘100u,FW20240329992474293,无创科,肉毒素治疗,,,,,,,
805799,365090,1467,【服务】国产衡力单部位除皱,FW20240329312194620,无创科,肉毒素治疗,,,,,,,
1385392,496144,1467,【服务】全身牛奶酸（私密不包含）,FW20251024936183370,皮肤科,光电项目,,,,,,,
851837,378557,1467,（服务）超光子全身美白嫩肤,FW20240531730094636,皮肤科,光电项目,,,,,,,
1595630,532592,1467,【服务】氨甲环素涂抹,FW20260424625178310,皮肤科,中胚层项目,,,,,,,
103937,68312,1467,【服务】四肢单部位,pfk083,皮肤科,脱毛项目,,,,,,,
1215535,455203,1467,【服务】白鲸微光,FW20250526933221560,皮肤科,中胚层项目,283713,伊肤泉小绿瓶,1,件,0,件,"{""id"":147239,""service_id"":455203,""goods_id"":283713,""goods_name"":""伊肤泉小绿瓶"",""balance"":1,""consume_unit"":""件"",""consume_unit_id"":0,""unit"":""件"",""ratio"":1,""spu_id"":283713}"
805772,365063,1467,【服务】超皮秒（美白嫩肤模式）,FW20240329726031829,皮肤科,光电项目,,,,,,,
805782,365073,1467,【服务】杜莎之谜小红瓶,FW20240329710408829,皮肤科,中胚层项目,274512,杜莎之谜聚乙二醇医用敷料（小红5.0ml）,1,支,0,支,"{""id"":11246,""service_id"":365073,""goods_id"":274512,""goods_name"":""杜莎之谜聚乙二醇医用敷料（小红5.0ml）"",""balance"":1,""consume_unit"":""支"",""consume_unit_id"":0,""unit"":""支"",""ratio"":1,""spu_id"":274512}"
876832,385858,1467,【服务】氐殊I型水光,FW20240711863608773,皮肤科,中胚层项目,,,,,,,
89618,59896,1467,复诊,002,美丽管家部,分诊,,,,,,,
89617,59895,1467,初诊,001,美丽管家部,分诊,,,,,,,
1094772,430104,1467,【服务】杏枝山淡斑瓶,FW20250226145751608,皮肤科,中胚层项目,184391,101,1,件,0,件,"{""id"":135797,""service_id"":430104,""goods_id"":184391,""goods_name"":""101"",""balance"":1,""consume_unit"":""件"",""consume_unit_id"":0,""unit"":""件"",""ratio"":1,""spu_id"":184391}"
805765,365055,1467,【服务】大腿脱毛,FW20240329675412724,皮肤科,脱毛项目,,,,,,,
170374,111903,1467,【服务】小手臂脱毛,045,皮肤科,脱毛项目,,,,,,,
989522,422044,1467,日式碳酸泉头皮护理,251251,生美部,生美项目,,,,,,,
986594,421412,1467,【服务】国产衡力瘦脸针50U,FW20241229593043885,无创科,肉毒素治疗,,,,,,,
188843,122154,1467,【服务】全脸脱毛,2021516,皮肤科,脱毛项目,,,,,,,
1574501,529084,1467,【服务】奕森祛痘微针,FW20260403087049924,皮肤科,中胚层项目,283713,伊肤泉小绿瓶,1,件,0,件,"{""id"":201574,""service_id"":529084,""goods_id"":283713,""goods_name"":""伊肤泉小绿瓶"",""balance"":1,""consume_unit"":""件"",""consume_unit_id"":0,""unit"":""件"",""ratio"":1,""spu_id"":283713}"
839693,377283,1467,【服务】络腮胡脱毛,FW20240526456134329,皮肤科,脱毛项目,,,,,,,
805789,365080,1467,【服务】伊肤泉毛孔细致套组,FW20240329798324802,皮肤科,中胚层项目,258816,伊肤泉毛孔紧致套组,1,件,0,件,"{""id"":11239,""service_id"":365080,""goods_id"":258816,""goods_name"":""伊肤泉毛孔紧致套组"",""balance"":1,""consume_unit"":""件"",""consume_unit_id"":0,""unit"":""件"",""ratio"":1,""spu_id"":258816}"
989531,422053,1467,手指脱毛,251260,生美部,生美项目,,,,,,,
851939,378564,1467,【服务】黄金超声炮全模式,FW20240531896123060,皮肤科,光电项目,,,,,,,
1568305,527343,1467,【服务】T区博乐达水杨酸,FW20260327758589526,皮肤科,小项目,,,,,,,
805764,365054,1467,【服务】比基尼V/I/O三选一,FW20240329843118707,皮肤科,脱毛项目,,,,,,,
1567628,527179,1467,直白618-怡珂欣三文鱼水光,FW20260327780834299,皮肤科,中胚层项目,,,,,,,
1560095,524966,1467,【服务】超皮秒（洗纹身）,FW20260322457136084,皮肤科,光电项目,,,,,,,
813211,368352,1467,【服务】黄金超光子（1565resurFX）,FW20240413313851530,皮肤科,光电项目,,,,,,,
1552993,523624,1467,【服务】曲安奈德,FW20260318470998613,无创科,肉毒素治疗,,,,,,,
805785,365076,1467,【服务】海月兰基础水光,FW20240329447345778,皮肤科,中胚层项目,274513,医用透明质酸钠凝胶2.0ml（海月兰）,1,支,0,支,"{""id"":11242,""service_id"":365076,""goods_id"":274513,""goods_name"":""医用透明质酸钠凝胶2.0ml（海月兰）"",""balance"":1,""consume_unit"":""支"",""consume_unit_id"":0,""unit"":""支"",""ratio"":1,""spu_id"":274513}"
805775,365066,1467,【服务】欧洲之星全模式（含眼）,FW20240329618005460,皮肤科,光电项目,,,,,,,
1113923,433816,1467,（服务）超光子四肢美白嫩肤,FW20250320190445591,皮肤科,光电项目,,,,,,,
805132,365008,1467,【服务】手指脱毛,FW20240329191102649,皮肤科,脱毛项目,,,,,,,
915824,401955,1467,【服务】欧洲之星超v脸,FW20241001075649050,皮肤科,光电项目,,,,,,,
805134,365010,1467,【服务】唇毛(下唇）,FW20240329925303186,皮肤科,脱毛项目,,,,,,,
1541190,521460,1467,【服务】瘦肩/瘦腿100单位,FW20260306421236122,无创科,肉毒素治疗,,,,,,,
1540359,521354,1467,【服务】舒颜长效水光,FW20260305533694931,皮肤科,中胚层项目,274518,（娃娃针）润致Agua注射用修饰透明质酸纳凝胶2.0ml,1,支,0,支,"{""id"":199724,""service_id"":521354,""goods_id"":274518,""goods_name"":""（娃娃针）润致Agua注射用修饰透明质酸纳凝胶2.0ml"",""balance"":1,""consume_unit"":""支"",""consume_unit_id"":0,""unit"":""支"",""ratio"":1,""spu_id"":274518}"
840859,377889,1467,【服务】伊肤泉小绿瓶AB战痘瓶,FW20240528888577386,皮肤科,中胚层项目,283713,伊肤泉小绿瓶,1,件,0,件,"{""id"":13509,""service_id"":377889,""goods_id"":283713,""goods_name"":""伊肤泉小绿瓶"",""balance"":1,""consume_unit"":""件"",""consume_unit_id"":0,""unit"":""件"",""ratio"":1,""spu_id"":283713}"
103981,68356,1467,【服务】舒敏专家只照光（修复光）,pfk013,皮肤科,小项目,,,,,,,
805769,365060,1467,【服务】黄金超光子（单模式）,FW20240329862276237,皮肤科,光电项目,,,,,,,
805805,365096,1467,【服务】润致娃娃针,FW20240329035793108,皮肤科,中胚层项目,274518,（娃娃针）润致Agua注射用修饰透明质酸纳凝胶2.0ml,1,支,0,支,"{""id"":11249,""service_id"":365096,""goods_id"":274518,""goods_name"":""（娃娃针）润致Agua注射用修饰透明质酸纳凝胶2.0ml"",""balance"":1,""consume_unit"":""支"",""consume_unit_id"":0,""unit"":""支"",""ratio"":1,""spu_id"":274518}"
1516847,519258,1467,人中窝埋线,FW20260206387156058,整外科,眼部-重睑术,,,,,,,
1511148,518043,1467,双美肤柔美0.5ml胶原水光,FW20260127076533578,皮肤科,水光,274211,壳聚糖季铵盐生物胶体液（爱尔菲琳黑）（10支/盒）,1,支,0,支,"{""id"":198114,""service_id"":518043,""goods_id"":274211,""goods_name"":""壳聚糖季铵盐生物胶体液（爱尔菲琳黑）（10支/盒）"",""balance"":1,""consume_unit"":""支"",""consume_unit_id"":0,""unit"":""支"",""ratio"":1,""spu_id"":274211}"
948611,405801,1467,菲林普利L,FW20241021689784234,无创科,玻尿酸（塑形填充）,274211,壳聚糖季铵盐生物胶体液（爱尔菲琳黑）（10支/盒）,1,支,0,支,"{""id"":57887,""service_id"":405801,""goods_id"":274211,""goods_name"":""壳聚糖季铵盐生物胶体液（爱尔菲琳黑）（10支/盒）"",""balance"":1,""consume_unit"":""支"",""consume_unit_id"":0,""unit"":""支"",""ratio"":1,""spu_id"":274211}"
1511131,518040,1467,菲林普利M,FW20260127464949665,无创科,玻尿酸（塑形填充）,274211,壳聚糖季铵盐生物胶体液（爱尔菲琳黑）（10支/盒）,1,支,0,支,"{""id"":198095,""service_id"":518040,""goods_id"":274211,""goods_name"":""壳聚糖季铵盐生物胶体液（爱尔菲琳黑）（10支/盒）"",""balance"":1,""consume_unit"":""支"",""consume_unit_id"":0,""unit"":""支"",""ratio"":1,""spu_id"":274211}"
1511130,518039,1467,菲林普利S,FW20260127237795180,皮肤科,水光,274211,壳聚糖季铵盐生物胶体液（爱尔菲琳黑）（10支/盒）,1,支,0,支,"{""id"":198094,""service_id"":518039,""goods_id"":274211,""goods_name"":""壳聚糖季铵盐生物胶体液（爱尔菲琳黑）（10支/盒）"",""balance"":1,""consume_unit"":""支"",""consume_unit_id"":0,""unit"":""支"",""ratio"":1,""spu_id"":274211}"
1508322,517962,1467,【服务】塑妍萃童颜针,FW20260126861269172,无创科,玻尿酸（塑形填充）,,,,,,,
1508323,517963,1467,【服务】蓉止,FW20260126675905693,无创科,紧致提升/平复术（溶脂针）,,,,,,,
1508321,517961,1467,【服务】丽驻兰健康肌1+1,FW20260126549668056,皮肤科,光电项目,,,,,,,
1508260,517939,1467,【服务】雪花遮光瓶,FW20260125473615052,皮肤科,光电项目,,,,,,,
1506998,517275,1467,思伊美清若祛颈纹3ml,FW20260121455723758,皮肤科,中胚层治疗（产品）,274195,注射用透明酸钠复合溶液（嗨体1.5ml/支）,1,支,0,支,"{""id"":197662,""service_id"":517275,""goods_id"":274195,""goods_name"":""注射用透明酸钠复合溶液（嗨体1.5ml/支）"",""balance"":1,""consume_unit"":""支"",""consume_unit_id"":0,""unit"":""支"",""ratio"":1,""spu_id"":274195}"
805776,365067,1467,【服务】欧洲之星双模式,FW20240329996816991,皮肤科,光电项目,,,,,,,
181273,118254,1467,【服务】二氧化碳激光点阵祛疤痕,018,皮肤科,光电项目,,,,,,,
948597,405793,1467,【服务】舒敏专家补水导入,FW20241021752394150,皮肤科,光电项目,,,,,,,
813695,368524,1467,【服务】英诺水动力2号瓶,FW20240414775160990,皮肤科,中胚层项目,274516,英诺水动力- ②医用透明质 酸钠修护敷料_ II 型（5ml*5瓶）,1,支,0,支,"{""id"":11206,""service_id"":368524,""goods_id"":274516,""goods_name"":""英诺水动力- ②医用透明质 酸钠修护敷料_ II 型（5ml*5瓶）"",""balance"":1,""consume_unit"":""支"",""consume_unit_id"":0,""unit"":""支"",""ratio"":1,""spu_id"":274516}"
1494987,515617,1467,【服务】国产唾液腺肉毒注射,FW20260107098927834,无创科,肉毒素治疗,,,,,,,
1478804,513629,1467,【服务】眉心脱毛,FW20251228698034400,皮肤科,脱毛项目,,,,,,,
870688,383365,1467,【服务】伊肤泉小绿瓶AB瓶,FW20240629745221168,皮肤科,中胚层项目,283713,伊肤泉小绿瓶,1,件,0,件,"{""id"":34043,""service_id"":383365,""goods_id"":283713,""goods_name"":""伊肤泉小绿瓶"",""balance"":1,""consume_unit"":""件"",""consume_unit_id"":0,""unit"":""件"",""ratio"":1,""spu_id"":283713}"
872303,384141,1467,【服务】欧洲之星（双下巴）,FW20240703333815674,皮肤科,光电项目,,,,,,,
1470930,512975,1467,【服务】润致瑅透,FW20251223857314370,皮肤科,中胚层项目,274511,杜莎之谜聚乙二醇医用敷料（小黑5.0ml）,1,支,0,支,"{""id"":196481,""service_id"":512975,""goods_id"":274511,""goods_name"":""杜莎之谜聚乙二醇医用敷料（小黑5.0ml）"",""balance"":1,""consume_unit"":""支"",""consume_unit_id"":0,""unit"":""支"",""ratio"":1,""spu_id"":274511}"
103978,68353,1467,【服务】痤疮-粉刺针清理（清痘/消炎）,pfk010,皮肤科,小项目,,,,,,,
805767,365058,1467,【服务】背部脱毛,FW20240329369918220,皮肤科,脱毛项目,,,,,,,
1465176,511925,1467,【服务】进口颏肌,FW20251218088552462,无创科,肉毒素治疗,,,,,,,
171397,112623,1467,【服务】黄金射频微针有针,0408,皮肤科,光电项目,,,,,,,
805802,365093,1467,【服务】进口botox除皱单部位,FW20240329664004916,无创科,肉毒素治疗,,,,,,,
650351,306016,1467,嗨体祛颈纹1.5ml+2.5ml,ZBWC003,无创科,玻尿酸（塑形填充）,274195,注射用透明酸钠复合溶液（嗨体1.5ml/支）,1,支,0,支,"{""id"":11363,""service_id"":306016,""goods_id"":274195,""goods_name"":""注射用透明酸钠复合溶液（嗨体1.5ml/支）"",""balance"":1,""consume_unit"":""支"",""consume_unit_id"":0,""unit"":""支"",""ratio"":1,""spu_id"":274195}"
650351,306016,1467,嗨体祛颈纹1.5ml+2.5ml,ZBWC003,无创科,玻尿酸（塑形填充）,274523,注射用透明酸钠复合溶液（嗨体2.5ml/支）,1,支,3243,盒,"{""id"":11364,""service_id"":306016,""goods_id"":274523,""goods_name"":""注射用透明酸钠复合溶液（嗨体2.5ml/支）"",""balance"":1,""consume_unit"":""支"",""consume_unit_id"":3243,""unit"":""盒"",""ratio"":1,""spu_id"":274523}"
805796,365087,1467,【服务】国产衡力瘦脸针100u,FW20240329471474636,无创科,肉毒素治疗,,,,,,,
805781,365072,1467,【服务】水光嗨体2.5ml,FW20240329612182146,皮肤科,中胚层项目,274523,注射用透明酸钠复合溶液（嗨体2.5ml/支）,1,盒,0,盒,"{""id"":11250,""service_id"":365072,""goods_id"":274523,""goods_name"":""注射用透明酸钠复合溶液（嗨体2.5ml/支）"",""balance"":1,""consume_unit"":""盒"",""consume_unit_id"":0,""unit"":""盒"",""ratio"":1,""spu_id"":274523}"
1337627,489372,1467,【服务】润百颜元气针2.5ml,FW20250928939461407,皮肤科,中胚层项目,314441,注射用透明酸钠复合溶液（冭活泡泡2.5ml/支）,1,盒,0,盒,"{""id"":184135,""service_id"":489372,""goods_id"":314441,""goods_name"":""注射用透明酸钠复合溶液（冭活泡泡2.5ml/支）"",""balance"":1,""consume_unit"":""盒"",""consume_unit_id"":0,""unit"":""盒"",""ratio"":1,""spu_id"":314441}"
1337628,489373,1467,【服务】润百颜波波针2ml,FW20250928272265453,皮肤科,中胚层项目,314441,注射用透明酸钠复合溶液（冭活泡泡2.5ml/支）,1,盒,0,盒,"{""id"":184136,""service_id"":489373,""goods_id"":314441,""goods_name"":""注射用透明酸钠复合溶液（冭活泡泡2.5ml/支）"",""balance"":1,""consume_unit"":""盒"",""consume_unit_id"":0,""unit"":""盒"",""ratio"":1,""spu_id"":314441}"
1437966,506452,1467,【服务】乐普珍珠童颜水光+2ml基础水光,FW20251203423242988,皮肤科,中胚层项目,274513,医用透明质酸钠凝胶2.0ml（海月兰）,1,支,0,支,"{""id"":194682,""service_id"":506452,""goods_id"":274513,""goods_name"":""医用透明质酸钠凝胶2.0ml（海月兰）"",""balance"":1,""consume_unit"":""支"",""consume_unit_id"":0,""unit"":""支"",""ratio"":1,""spu_id"":274513}"
181271,118252,1467,【服务】深波微氧小气泡,003001,皮肤科,小项目,,,,,,,
1312919,479309,1467,思伊美（至润）,FW20250901807585737,无创科,玻尿酸（塑形填充）,274211,壳聚糖季铵盐生物胶体液（爱尔菲琳黑）（10支/盒）,1,支,0,支,"{""id"":181552,""service_id"":479309,""goods_id"":274211,""goods_name"":""壳聚糖季铵盐生物胶体液（爱尔菲琳黑）（10支/盒）"",""balance"":1,""consume_unit"":""支"",""consume_unit_id"":0,""unit"":""支"",""ratio"":1,""spu_id"":274211}"
805800,365091,1467,【服务】国产衡力除皱中上面部（3个部位）,FW20240329180131671,无创科,肉毒素治疗,,,,,,,
1424501,502847,1467,【服务】进口保妥适（腋下）100U,FW20251122995256718,无创科,肉毒素治疗,,,,,,,
989870,422170,1467,美国进口超光子全脸,251306,生美部,生美项目,,,,,,,
1421596,502311,1467,【服务】线雕取线术,FW20251119278422273,整外科,其他手术,,,,,,,
1418432,501224,1467,【服务】超皮秒（唇部祛黑）,FW20251116275802327,皮肤科,光电项目,,,,,,,
103938,68313,1467,【服务】发际线,pfk084,皮肤科,脱毛项目,,,,,,,
837502,376164,1467,【服务】欧洲之星单模式,FW20240521154539470,皮肤科,光电项目,,,,,,,
805804,365095,1467,【服务】进口botox瘦脸针+下颌缘100U,FW20240329888055586,无创科,肉毒素治疗,,,,,,,
1148634,441374,1467,【服务】上肢/下肢/腹部/背部/前胸 5选2 牛奶酸+超光子美白,FW20250416483916240,皮肤科,光电项目,,,,,,,
906308,398731,1467,【服务】丰丽雅水光,FW20240913502334016,皮肤科,中胚层项目,184391,101,1,件,0,件,"{""id"":50767,""service_id"":398731,""goods_id"":184391,""goods_name"":""101"",""balance"":1,""consume_unit"":""件"",""consume_unit_id"":0,""unit"":""件"",""ratio"":1,""spu_id"":184391}"
805793,365084,1467,【服务】丽珠兰黑盒,FW20240329203676212,皮肤科,中胚层项目,,,,,,,
1385391,496143,1467,【服务】腹部/背部/前胸 牛奶酸,FW20251024006763633,皮肤科,光电项目,,,,,,,
1385390,496142,1467,【服务】腹部/背部/前胸 超光子,FW20251024874973479,皮肤科,光电项目,,,,,,,
948633,405808,1467,【服务】进口上面部除皱50U,FW20241021781905868,无创科,肉毒素治疗,,,,,,,
897990,394733,1467,【服务】进口上面部除皱50U-60U,FW20240827908336794,无创科,肉毒素治疗,,,,,,,
953591,406454,1467,【服务】生美净颜冰肌,FW20241023215846772,皮肤科,小项目,,,,,,,
989855,422155,1467,日式精致小颜,251290,生美部,生美项目,,,,,,,
828657,374430,1467,【服务】超皮秒（祛斑模式）,FW20240512191362206,皮肤科,光电项目,,,,,,,
989529,422051,1467,唇部脱毛,251258,生美部,生美项目,,,,,,,
1345393,492240,1467,海魅云镜再生材料,FW20251012044336614,无创科,玻尿酸（塑形填充）,,,,,,,
332287,158819,1467,【服务】迪玛斯缇牛奶酸全脸,DMST01,皮肤科,小项目,,,,,,,
1337626,489371,1467,【服务】艾维岚上瘾红童颜水光,FW20250928139259655,皮肤科,中胚层项目,314441,注射用透明酸钠复合溶液（冭活泡泡2.5ml/支）,1,盒,0,盒,"{""id"":184134,""service_id"":489371,""goods_id"":314441,""goods_name"":""注射用透明酸钠复合溶液（冭活泡泡2.5ml/支）"",""balance"":1,""consume_unit"":""盒"",""consume_unit_id"":0,""unit"":""盒"",""ratio"":1,""spu_id"":314441}"
802884,363940,1467,敷麻药,FW20240325118415079,无创科,无创手工,,,,,,,
424229,206896,1467,打水光/滚针（手工）,SG13,皮肤科,手工,,,,,,,
150359,99749,1467,导入（手工）,sg007,皮肤科,手工,,,,,,,
424234,206901,1467,打祛痣/10颗下（手工）,SG18,皮肤科,手工,,,,,,,
424235,206902,1467,打祛痣/10颗上（手工）,SG19,皮肤科,手工,,,,,,,
1325697,485832,1467,光子（多部位）配台,FW20250916239301295,皮肤科,手工,,,,,,,
1215536,455204,1467,普丽妍童颜针,FW20250526211704795,无创科,玻尿酸（塑形填充）,,,,,,,
802875,363931,1467,童颜针（手工）,FW20240325615019364,无创科,无创手工,,,,,,,
802874,363930,1467,无创10支以上,FW20240325953397781,无创科,无创手工,,,,,,,
802873,363929,1467,无创5支以上,FW20240325105232270,无创科,无创手工,,,,,,,
873707,384302,1467,无创5支以内,FW20240704566842492,无创科,无创手工,,,,,,,
1325500,485633,1467,水光配台（三支以上）,FW20250915373689508,皮肤科,手工,,,,,,,
1325499,485632,1467,水光配台（三支以内）,FW20250915103128619,皮肤科,手工,,,,,,,
770734,352022,1467,打手针,sg241608,皮肤科,手工,,,,,,,
944402,404412,1467,【服务】冭活泡泡2.5ml,FW20241016456602384,皮肤科,中胚层项目,314441,注射用透明酸钠复合溶液（冭活泡泡2.5ml/支）,1,盒,0,盒,"{""id"":57388,""service_id"":404412,""goods_id"":314441,""goods_name"":""注射用透明酸钠复合溶液（冭活泡泡2.5ml/支）"",""balance"":1,""consume_unit"":""盒"",""consume_unit_id"":0,""unit"":""盒"",""ratio"":1,""spu_id"":314441}"
1319383,481483,1467,【服务】舒颜长效水光+基础润泽水光,FW20250909141738531,皮肤科,中胚层项目,274518,（娃娃针）润致Agua注射用修饰透明质酸纳凝胶2.0ml,1,支,0,支,"{""id"":182280,""service_id"":481483,""goods_id"":274518,""goods_name"":""（娃娃针）润致Agua注射用修饰透明质酸纳凝胶2.0ml"",""balance"":1,""consume_unit"":""支"",""consume_unit_id"":0,""unit"":""支"",""ratio"":1,""spu_id"":274518}"
851838,378558,1467,【服务】牛奶酸四肢,FW20240531875834128,皮肤科,小项目,,,,,,,
1318063,480780,1467,雅妍仕胶原蛋白0.5ml,FW20250907810486248,无创科,玻尿酸（塑形填充）,274211,壳聚糖季铵盐生物胶体液（爱尔菲琳黑）（10支/盒）,1,支,0,支,"{""id"":181662,""service_id"":480780,""goods_id"":274211,""goods_name"":""壳聚糖季铵盐生物胶体液（爱尔菲琳黑）（10支/盒）"",""balance"":1,""consume_unit"":""支"",""consume_unit_id"":0,""unit"":""支"",""ratio"":1,""spu_id"":274211}"
994345,423392,1467,【服务】丝丽修复焕采640,FW20250113738430266,皮肤科,中胚层项目,274524,丝丽抗皱精华液516,1,支,0,支,"{""id"":71345,""service_id"":423392,""goods_id"":274524,""goods_name"":""丝丽抗皱精华液516"",""balance"":1,""consume_unit"":""支"",""consume_unit_id"":0,""unit"":""支"",""ratio"":1,""spu_id"":274524}"
1312951,479340,1467,打光子单部位（手工）,FW20250902844932153,皮肤科,手工,,,,,,,
1312950,479339,1467,打眼周（手工）,FW20250902020836803,皮肤科,手工,,,,,,,
1312944,479332,1467,面部刷酸（手工）,FW20250902689764270,皮肤科,手工,,,,,,,
1312943,479331,1467,四肢脱毛（手工）,FW20250902839216853,皮肤科,手工,,,,,,,
1312942,479330,1467,单部位刷酸（手工）,FW20250902940342750,皮肤科,手工,,,,,,,
797274,361603,1467,直白生物酶,FW20240312550042528,皮肤科,小项目,,,,,,,
351969,170000,1467,【服务】超皮秒爆黑头,CPM02,皮肤科,光电项目,,,,,,,
989484,422006,1467,【氧化暗沉】抗糖焕白,251213,生美部,生美项目,,,,,,,
103982,68357,1467,【服务】国产水杨酸,pfk014,皮肤科,小项目,,,,,,,
1304013,477772,1467,【服务】乔洛施外泌体,FW20250827617429164,皮肤科,光电项目,,,,,,,
141825,94269,1467,【服务】光子嫩肤（皇后CC）,pt020,皮肤科,光电项目,,,,,,,
989474,421996,1467,头皮滋养护理,251203,生美部,生美项目,,,,,,,
853577,378731,1467,【服务】牛奶酸单部位,FW20240602354360860,皮肤科,小项目,,,,,,,
1289370,475347,1467,【服务】国产肉毒瘦上手臂,FW20250813684342840,无创科,肉毒素治疗,,,,,,,
1199679,454451,1467,【服务】瘦肩/瘦腿300单位,FW20250524361045849,无创科,肉毒素治疗,,,,,,,
805816,365107,1467,嗨体祛颈纹1.5ml,FW20240329477890915,无创科,玻尿酸（塑形填充）,274195,注射用透明酸钠复合溶液（嗨体1.5ml/支）,1,支,0,支,"{""id"":11359,""service_id"":365107,""goods_id"":274195,""goods_name"":""注射用透明酸钠复合溶液（嗨体1.5ml/支）"",""balance"":1,""consume_unit"":""支"",""consume_unit_id"":0,""unit"":""支"",""ratio"":1,""spu_id"":274195}"
1281359,473192,1467,思伊美（至极）,FW20250803295094233,无创科,玻尿酸（塑形填充）,274211,壳聚糖季铵盐生物胶体液（爱尔菲琳黑）（10支/盒）,1,支,0,支,"{""id"":176567,""service_id"":473192,""goods_id"":274211,""goods_name"":""壳聚糖季铵盐生物胶体液（爱尔菲琳黑）（10支/盒）"",""balance"":1,""consume_unit"":""支"",""consume_unit_id"":0,""unit"":""支"",""ratio"":1,""spu_id"":274211}"
1281358,473191,1467,思伊美（至瑅）,FW20250803116940253,无创科,玻尿酸（塑形填充）,274211,壳聚糖季铵盐生物胶体液（爱尔菲琳黑）（10支/盒）,1,支,0,支,"{""id"":176566,""service_id"":473191,""goods_id"":274211,""goods_name"":""壳聚糖季铵盐生物胶体液（爱尔菲琳黑）（10支/盒）"",""balance"":1,""consume_unit"":""支"",""consume_unit_id"":0,""unit"":""支"",""ratio"":1,""spu_id"":274211}"
1281356,473189,1467,思伊美（至柔）,FW20250803381385316,无创科,玻尿酸（塑形填充）,274211,壳聚糖季铵盐生物胶体液（爱尔菲琳黑）（10支/盒）,1,支,0,支,"{""id"":176565,""service_id"":473189,""goods_id"":274211,""goods_name"":""壳聚糖季铵盐生物胶体液（爱尔菲琳黑）（10支/盒）"",""balance"":1,""consume_unit"":""支"",""consume_unit_id"":0,""unit"":""支"",""ratio"":1,""spu_id"":274211}"
805133,365009,1467,【服务】大手臂脱毛,FW20240329647497093,皮肤科,脱毛项目,,,,,,,
1274597,470907,1467,【服务】防晒水光,FW20250723508047978,皮肤科,中胚层项目,274513,医用透明质酸钠凝胶2.0ml（海月兰）,1,支,0,支,"{""id"":175608,""service_id"":470907,""goods_id"":274513,""goods_name"":""医用透明质酸钠凝胶2.0ml（海月兰）"",""balance"":1,""consume_unit"":""支"",""consume_unit_id"":0,""unit"":""支"",""ratio"":1,""spu_id"":274513}"
1273677,470710,1467,雅妍仕胶原蛋白1ml,FW20250721032042651,无创科,玻尿酸（塑形填充）,274211,壳聚糖季铵盐生物胶体液（爱尔菲琳黑）（10支/盒）,1,支,0,支,"{""id"":175577,""service_id"":470710,""goods_id"":274211,""goods_name"":""壳聚糖季铵盐生物胶体液（爱尔菲琳黑）（10支/盒）"",""balance"":1,""consume_unit"":""支"",""consume_unit_id"":0,""unit"":""支"",""ratio"":1,""spu_id"":274211}"
103649,68029,1467,【服务】娇兰玻尿酸1ml,WC034,无创科,玻尿酸（塑形填充）,,,,,,,
1220035,457373,1467,【服务】英伦大提升,FW20250602311184135,无创科,肉毒素治疗,,,,,,,
1263325,466870,1467,爱拉丝提玻尿酸,FW20250701365308912,无创科,玻尿酸（塑形填充）,,,,,,,
897989,394732,1467,【服务】国产衡力全脸除皱100U,FW20240827949463167,无创科,肉毒素治疗,,,,,,,
990805,422651,1467,【服务】超光子局部（1565resurFX）,FW20250106345473830,皮肤科,光电项目,,,,,,,
898896,394860,1467,【服务】黄金超光子颈部（单模式）,FW20240829636932805,皮肤科,光电项目,,,,,,,
813152,368306,1467,【服务】红蓝光（LED）,FW20240412248807228,皮肤科,小项目,,,,,,,
802421,363699,1467,【服务】薇旖美胶原蛋白,FW20240323315429104,皮肤科,中胚层项目,,,,,,,
1224116,459256,1467,冰肌（手工）,FW20250608223080383,皮肤科,手工,,,,,,,
1224115,459255,1467,修丽可（手工）,FW20250608571898457,皮肤科,手工,,,,,,,
1224114,459254,1467,卸麻（手工）,FW20250608231873373,皮肤科,手工,,,,,,,
1224113,459253,1467,敷麻（手工）,FW20250608739822418,皮肤科,手工,,,,,,,
1224112,459252,1467,洁面（手工）,FW20250608753340923,皮肤科,手工,,,,,,,
833727,375262,1467,【服务】欧洲之星眼部单部位,FW20240518724027578,皮肤科,光电项目,,,,,,,
1154416,444158,1467,莫娜丽莎,FW20250423317307479,无创科,玻尿酸（塑形填充）,,,,,,,
510813,254661,1467,【服务】科丽真胶原水光针101,y1,皮肤科,中胚层项目,184391,101,1,件,0,件,"{""id"":11245,""service_id"":254661,""goods_id"":184391,""goods_name"":""101"",""balance"":1,""consume_unit"":""件"",""consume_unit_id"":0,""unit"":""件"",""ratio"":1,""spu_id"":184391}"
813150,368304,1467,【服务】黄金超光子（双模式）,FW20240412856604360,皮肤科,光电项目,,,,,,,
1219769,457214,1467,【服务】双美胶原蛋白（肤莱美）,FW20250601232286072,皮肤科,中胚层项目,283713,伊肤泉小绿瓶,1,件,0,件,"{""id"":147899,""service_id"":457214,""goods_id"":283713,""goods_name"":""伊肤泉小绿瓶"",""balance"":1,""consume_unit"":""件"",""consume_unit_id"":0,""unit"":""件"",""ratio"":1,""spu_id"":283713}"
105331,69622,1467,埋线重睑术,ZW001,整外科,眼部-重睑术,,,,,,,
989847,422147,1467,碳酸泉洗发,251282,生美部,生美项目,,,,,,,
805787,365078,1467,【服务】伊肤泉控油祛痘套组,FW20240329941490145,皮肤科,中胚层项目,258817,伊肤泉控油祛痘套组,1,件,0,件,"{""id"":11240,""service_id"":365078,""goods_id"":258817,""goods_name"":""伊肤泉控油祛痘套组"",""balance"":1,""consume_unit"":""件"",""consume_unit_id"":0,""unit"":""件"",""ratio"":1,""spu_id"":258817}"
1216323,455836,1467,【服务】私密粉嫩 ,FW20250527565914913,皮肤科,光电项目,,,,,,,
1199697,454464,1467,【服务】小气泡+鼻头酸,FW20250524266395775,皮肤科,光电项目,,,,,,,
477525,240711,1467,单部位脱毛,tm1,皮肤科,手工,,,,,,,
953592,406455,1467,【服务】生美沙漠精灵,FW20241023785459035,皮肤科,小项目,,,,,,,
630326,297519,1467,濡白天使玻尿酸0.75ml,RB01,无创科,玻尿酸（塑形填充）,,,,,,,
514076,256687,1467,【服务】伊肤泉小绿瓶,pfk1150,皮肤科,中胚层项目,283713,伊肤泉小绿瓶,1,件,0,件,"{""id"":11369,""service_id"":256687,""goods_id"":283713,""goods_name"":""伊肤泉小绿瓶"",""balance"":1,""consume_unit"":""件"",""consume_unit_id"":0,""unit"":""件"",""ratio"":1,""spu_id"":283713}"
870782,383411,1467,【服务】超光子局部眼周/鼻部（1565resurFX）,FW20240629272626026,皮肤科,光电项目,,,,,,,
989521,422043,1467,和风舒洗,251250,生美部,生美项目,,,,,,,
105406,69697,1467,肉痣切除术,ZW076,整外科,其他手术,,,,,,,
1170813,449384,1467,【服务】国产腮腺,FW20250511510179170,无创科,肉毒素治疗,,,,,,,
805813,365104,1467,【服务】韩国伊婉玻尿酸V1ml,FW20240329771729781,无创科,玻尿酸（塑形填充）,274203,"伊婉V
（注射用修饰透明质酸钠凝胶）",1,支,0,支,"{""id"":11367,""service_id"":365104,""goods_id"":274203,""goods_name"":""伊婉V\n（注射用修饰透明质酸钠凝胶）"",""balance"":1,""consume_unit"":""支"",""consume_unit_id"":0,""unit"":""支"",""ratio"":1,""spu_id"":274203}"
948613,405803,1467,【服务】碳酸泉洗发60min,FW20241021893250395,皮肤科,小项目,,,,,,,
1157694,445536,1467,【服务】国产衡力下颌缘+颈阔肌100u,FW20250427980883265,无创科,肉毒素治疗,,,,,,,
805773,365064,1467,【服务】超声炮中面部抗衰（刀炮）基础,FW20240329446530378,皮肤科,光电项目,,,,,,,
989893,422193,1467,小热拉提,FW20250104287962909,生美部,生美项目,,,,,,,
989524,422046,1467,日式和风舒洗,251253,生美部,生美项目,,,,,,,
103651,68031,1467,【服务】法思丽玻尿酸1ml,WC036,无创科,玻尿酸（塑形填充）,,,,,,,
989849,422149,1467,面部,251284,生美部,生美项目,,,,,,,
989868,422168,1467,修丽可瀑布水疗,251304,生美部,生美项目,,,,,,,
1140508,440018,1467,打全身超光子美白（手工）,FW20250410832737499,皮肤科,手工,,,,,,,
1140507,440017,1467,全身超光子美白配台（手工）,FW20250410869246643,皮肤科,手工,,,,,,,
171395,112621,1467,【服务】黄金微针无针,049,皮肤科,光电项目,,,,,,,
1137890,438881,1467,【服务】贻贝粘蛋白 （头皮）,FW20250407544021278,皮肤科,中胚层项目,274514,无菌液体伤口敷料（富勒烯3ml/支）,1,支,0,支,"{""id"":139725,""service_id"":438881,""goods_id"":274514,""goods_name"":""无菌液体伤口敷料（富勒烯3ml/支）"",""balance"":1,""consume_unit"":""支"",""consume_unit_id"":0,""unit"":""支"",""ratio"":1,""spu_id"":274514}"
989475,421997,1467,328拼团活动,251204,生美部,生美项目,,,,,,,
989482,422004,1467,【滋养保湿】奢华新肌,251211,生美部,生美项目,,,,,,,
805818,365109,1467,【服务】乔雅登极致0.8ml,FW20240329994001169,无创科,玻尿酸（塑形填充）,274207,注射用交联透明质酸钠凝胶（0.8ml/支 3支/盒）极致,1,支,3242,盒,"{""id"":11358,""service_id"":365109,""goods_id"":274207,""goods_name"":""注射用交联透明质酸钠凝胶（0.8ml/支 3支/盒）极致"",""balance"":1,""consume_unit"":""支"",""consume_unit_id"":3242,""unit"":""盒"",""ratio"":2,""spu_id"":274207}"
805794,365085,1467,【服务】氨甲环素加入水光,FW20240329171937135,皮肤科,中胚层项目,,,,,,,
1116240,435205,1467,【服务】胶原水光,FW20250327491350764,皮肤科,中胚层项目,184391,101,1,件,0,件,"{""id"":138738,""service_id"":435205,""goods_id"":184391,""goods_name"":""101"",""balance"":1,""consume_unit"":""件"",""consume_unit_id"":0,""unit"":""件"",""ratio"":1,""spu_id"":184391}"
1116239,435204,1467,【服务】玻尿酸,FW20250327480127919,无创科,玻尿酸（塑形填充）,,,,,,,
954626,406906,1467,【服务】小V脸 30min 溶脂提升,FW20241026410521832,皮肤科,光电项目,,,,,,,
989472,421994,1467,【肌肤修复】沙漠精灵,251201,生美部,生美项目,,,,,,,
989473,421995,1467,【紧致提升】时光美人,251202,生美部,生美项目,,,,,,,
805088,364988,1467,【服务】国产腋臭针100u,FW20240329029399207,无创科,肉毒素治疗,,,,,,,
897215,394121,1467,【服务】瑞恩诗三型胶原水光,FW20240826642117318,皮肤科,中胚层项目,184391,101,1,件,0,件,"{""id"":45884,""service_id"":394121,""goods_id"":184391,""goods_name"":""101"",""balance"":1,""consume_unit"":""件"",""consume_unit_id"":0,""unit"":""件"",""ratio"":1,""spu_id"":184391}"
805788,365079,1467,【服务】伊肤泉美白淡斑套组,FW20240329280238170,皮肤科,中胚层项目,,,,,,,
822483,372037,1467,【服务】超声炮（单部位）,FW20240428351864451,皮肤科,光电项目,,,,,,,
989879,422179,1467,萱草集洗面奶,251315,生美部,生美项目,,,,,,,
805786,365077,1467,【服务】富勒烯基础水光,FW20240329139855817,皮肤科,中胚层项目,274514,无菌液体伤口敷料（富勒烯3ml/支）,1,支,0,支,"{""id"":15565,""service_id"":365077,""goods_id"":274514,""goods_name"":""无菌液体伤口敷料（富勒烯3ml/支）"",""balance"":1,""consume_unit"":""支"",""consume_unit_id"":0,""unit"":""支"",""ratio"":1,""spu_id"":274514}"
989876,422176,1467,360深层清洁管理,251312,生美部,生美项目,,,,,,,
989477,421999,1467,【嘭嘭水光肌】SOS肌肤小吊瓶,251206,生美部,生美项目,,,,,,,
948605,405799,1467,【服务】肩颈按摩60min,FW20241021153746925,皮肤科,小项目,,,,,,,
805803,365094,1467,【服务】进口botox瘦脸针100U,FW20240329055086292,无创科,肉毒素治疗,,,,,,,
857651,380062,1467,【服务】悦龄塑,FW20240610861027417,无创科,玻尿酸（塑形填充）,274199,“弗缦”医用胶原充填剂1ml,1,盒,0,盒,"{""id"":29262,""service_id"":380062,""goods_id"":274199,""goods_name"":""“弗缦”医用胶原充填剂1ml"",""balance"":1,""consume_unit"":""盒"",""consume_unit_id"":0,""unit"":""盒"",""ratio"":1,""spu_id"":274199}"
850274,378325,1467,【服务】弗缦胶原蛋白0.5ml,FW20240531313705585,无创科,玻尿酸（塑形填充）,274199,“弗缦”医用胶原充填剂1ml,1,盒,0,盒,"{""id"":15944,""service_id"":378325,""goods_id"":274199,""goods_name"":""“弗缦”医用胶原充填剂1ml"",""balance"":1,""consume_unit"":""盒"",""consume_unit_id"":0,""unit"":""盒"",""ratio"":1,""spu_id"":274199}"
1098817,430487,1467,【服务】格格针2ml,FW20250302865248643,无创科,玻尿酸（塑形填充）,,,,,,,
989527,422049,1467,【身心疗愈】全身舒缓SPA,251256,生美部,生美项目,,,,,,,
854747,379173,1467,【服务】丝丽715,FW20240605408362950,皮肤科,中胚层项目,274541,华熙丝丽水光,1,支,0,支,"{""id"":16197,""service_id"":379173,""goods_id"":274541,""goods_name"":""华熙丝丽水光"",""balance"":1,""consume_unit"":""支"",""consume_unit_id"":0,""unit"":""支"",""ratio"":1,""spu_id"":274541}"
1098355,430354,1467,【服务】进口瘦脸+下颌缘150,FW20250301626123425,皮肤科,光电项目,,,,,,,
1095094,430118,1467,【服务】医然蛋白舒敏瓶,FW20250227246956900,皮肤科,中胚层项目,184391,101,1,件,0,件,"{""id"":135805,""service_id"":430118,""goods_id"":184391,""goods_name"":""101"",""balance"":1,""consume_unit"":""件"",""consume_unit_id"":0,""unit"":""件"",""ratio"":1,""spu_id"":184391}"
989476,421998,1467,268拼团活动,251205,生美部,生美项目,,,,,,,
907057,399066,1467,【服务】瑞恩诗三型胶原水光眼周,FW20240915813095405,皮肤科,中胚层项目,184391,101,1,件,0,件,"{""id"":52242,""service_id"":399066,""goods_id"":184391,""goods_name"":""101"",""balance"":1,""consume_unit"":""件"",""consume_unit_id"":0,""unit"":""件"",""ratio"":1,""spu_id"":184391}"
953593,406456,1467,【服务】生美肩颈活力spa,FW20241023021046872,皮肤科,小项目,,,,,,,
1007928,428366,1467,【洗发】深层清洁控油去屑洗发,FW20250219573683340,生美部,生美项目,,,,,,,
1007927,428365,1467,【洗发】营养修复洗发,FW20250219283928486,生美部,生美项目,,,,,,,
1006641,427847,1467,【服务】美甲特价手工,FW20250215143708719,生美部,生美项目,,,,,,,
1006640,427846,1467,【服务】美甲正价手工,FW20250215851119609,生美部,生美项目,,,,,,,
181253,118234,1467,【服务】熊猫针,033,无创科,玻尿酸（塑形填充）,274196,注射用透明质酸钠复合溶液1.0ml嗨体熊猫针,1,支,0,支,"{""id"":11362,""service_id"":118234,""goods_id"":274196,""goods_name"":""注射用透明质酸钠复合溶液1.0ml嗨体熊猫针"",""balance"":1,""consume_unit"":""支"",""consume_unit_id"":0,""unit"":""支"",""ratio"":1,""spu_id"":274196}"
805815,365106,1467,【服务】弗缦胶原蛋白1ml,FW20240329655827499,无创科,玻尿酸（塑形填充）,274199,“弗缦”医用胶原充填剂1ml,1,盒,0,盒,"{""id"":11365,""service_id"":365106,""goods_id"":274199,""goods_name"":""“弗缦”医用胶原充填剂1ml"",""balance"":1,""consume_unit"":""盒"",""consume_unit_id"":0,""unit"":""盒"",""ratio"":1,""spu_id"":274199}"
989488,422010,1467,奢华新肌护理,251217,生美部,生美项目,,,,,,,
989480,422002,1467,【深层清洁】基底净化,251209,生美部,生美项目,,,,,,,
999105,424813,1467,【服务】美甲正价,FW20250207317629532,生美部,生美项目,,,,,,,
999104,424812,1467,【服务】美甲特价,FW20250207981218187,生美部,生美项目,,,,,,,
987975,421706,1467,【服务】裸色美甲,FW20241230623341030,生美部,生美项目,,,,,,,
989525,422047,1467,【舒压放松】肩颈热石活力SPA,251254,生美部,生美项目,,,,,,,
186305,121588,1467,【服务】二氧化碳祛痣,20211301,皮肤科,光电项目,,,,,,,
105335,69626,1467,芭比电眼综合重睑术,ZW005,整外科,眼部-重睑术,,,,,,,
104021,68396,1467,【服务】欧洲进口英诺祛黑小棕瓶,pfk045,皮肤科,中胚层项目,,,,,,,
989512,422034,1467,精致小颜,251241,生美部,生美项目,,,,,,,
998066,424362,1467,【服务】童颜水凝,FW20250125935023536,皮肤科,中胚层项目,314441,注射用透明酸钠复合溶液（冭活泡泡2.5ml/支）,1,盒,0,盒,"{""id"":72978,""service_id"":424362,""goods_id"":314441,""goods_name"":""注射用透明酸钠复合溶液（冭活泡泡2.5ml/支）"",""balance"":1,""consume_unit"":""盒"",""consume_unit_id"":0,""unit"":""盒"",""ratio"":1,""spu_id"":314441}"
103670,68050,1467,【服务】丰唇/泪沟注射-丰唇注射费,WC055,无创科,玻尿酸（塑形填充）,,,,,,,
652227,306614,1467,直白618-怡珂欣三文鱼水光+怡珂欣基础水光（赠药固返）,ZBPF,皮肤科,中胚层项目,,,,,,,
989878,422178,1467,9选品（勿删）,251314,生美部,生美项目,,,,,,,
996219,424021,1467,【服务】舒颜长效水光+基础东国水光,FW20250118237755763,皮肤科,中胚层项目,274518,（娃娃针）润致Agua注射用修饰透明质酸纳凝胶2.0ml,1,支,0,支,"{""id"":72735,""service_id"":424021,""goods_id"":274518,""goods_name"":""（娃娃针）润致Agua注射用修饰透明质酸纳凝胶2.0ml"",""balance"":1,""consume_unit"":""支"",""consume_unit_id"":0,""unit"":""支"",""ratio"":1,""spu_id"":274518}"
996083,423980,1467,【服务】国产衡力头皮肉毒,FW20250118898799217,无创科,肉毒素治疗,,,,,,,
103950,68325,1467,【服务】疤痕软化针,pfk058,无创科,肉毒素治疗,,,,,,,
806297,365411,1467,【服务】普利兰动能素5Ml,FW20240401400888183,皮肤科,中胚层项目,272298,普利兰补水动能素,1,件,0,件,"{""id"":11234,""service_id"":365411,""goods_id"":272298,""goods_name"":""普利兰补水动能素"",""balance"":1,""consume_unit"":""件"",""consume_unit_id"":0,""unit"":""件"",""ratio"":1,""spu_id"":272298}"
805814,365105,1467,【服务】韩国伊婉玻尿酸C1ml,FW20240329230278786,无创科,玻尿酸（塑形填充）,274202,"伊婉C
（注射用修饰透明质酸钠凝胶）",1,支,0,支,"{""id"":11366,""service_id"":365105,""goods_id"":274202,""goods_name"":""伊婉C\n（注射用修饰透明质酸钠凝胶）"",""balance"":1,""consume_unit"":""支"",""consume_unit_id"":0,""unit"":""支"",""ratio"":1,""spu_id"":274202}"
994461,423461,1467,【服务】帝百珂胶原蛋白1.0ml,FW20250113658012287,无创科,玻尿酸（塑形填充）,274199,“弗缦”医用胶原充填剂1ml,1,盒,0,盒,"{""id"":71348,""service_id"":423461,""goods_id"":274199,""goods_name"":""“弗缦”医用胶原充填剂1ml"",""balance"":1,""consume_unit"":""盒"",""consume_unit_id"":0,""unit"":""盒"",""ratio"":1,""spu_id"":274199}"
514077,256688,1467,【服务】丝丽动能素516,pfk1151,皮肤科,中胚层项目,274524,丝丽抗皱精华液516,1,支,0,支,"{""id"":11251,""service_id"":256688,""goods_id"":274524,""goods_name"":""丝丽抗皱精华液516"",""balance"":1,""consume_unit"":""支"",""consume_unit_id"":0,""unit"":""支"",""ratio"":1,""spu_id"":274524}"
805817,365108,1467,【服务】乔雅登雅致0.8ml,FW20240329388282545,无创科,玻尿酸（塑形填充）,274206,注射用交联透明质酸钠凝胶（0.8ml/支 2支/盒）雅致,1,支,3241,盒,"{""id"":11357,""service_id"":365108,""goods_id"":274206,""goods_name"":""注射用交联透明质酸钠凝胶（0.8ml/支 2支/盒）雅致"",""balance"":1,""consume_unit"":""支"",""consume_unit_id"":3241,""unit"":""盒"",""ratio"":2,""spu_id"":274206}"
650261,305982,1467,艾莉薇风尚玻尿酸1ML,ZBWC002,无创科,玻尿酸（塑形填充）,274208,艾莉薇注射用交联透明质酸纳凝胶1ml*1支/盒（红盒）,1,支,0,支,"{""id"":11361,""service_id"":305982,""goods_id"":274208,""goods_name"":""艾莉薇注射用交联透明质酸纳凝胶1ml*1支/盒（红盒）"",""balance"":1,""consume_unit"":""支"",""consume_unit_id"":0,""unit"":""支"",""ratio"":1,""spu_id"":274208}"
650260,305981,1467,艾莉薇传奇玻尿酸1ML,ZBWC001,无创科,玻尿酸（塑形填充）,274210,注射用交联透明质酸钠凝胶(艾莉薇传奇版蓝盒）,1,支,0,支,"{""id"":11360,""service_id"":305981,""goods_id"":274210,""goods_name"":""注射用交联透明质酸钠凝胶(艾莉薇传奇版蓝盒）"",""balance"":1,""consume_unit"":""支"",""consume_unit_id"":0,""unit"":""支"",""ratio"":1,""spu_id"":274210}"
990800,422646,1467,【服务】剥离术单部位,FW20250106698627130,无创科,肉毒素治疗,,,,,,,
810207,366685,1467,【服务】炫白瓶,FW20240407360181323,皮肤科,中胚层项目,274542,无菌液体伤口敷料（富勒烯炫白5ml/支）,1,支,0,支,"{""id"":11650,""service_id"":366685,""goods_id"":274542,""goods_name"":""无菌液体伤口敷料（富勒烯炫白5ml/支）"",""balance"":1,""consume_unit"":""支"",""consume_unit_id"":0,""unit"":""支"",""ratio"":1,""spu_id"":274542}"
805792,365083,1467,【服务】普利兰美白再生,FW20240329361845387,皮肤科,中胚层项目,285013,透明质酸钠医用修护敷料3ml/瓶（普利兰美白焕肤修复精华）,1,支,0,支,"{""id"":11648,""service_id"":365083,""goods_id"":285013,""goods_name"":""透明质酸钠医用修护敷料3ml/瓶（普利兰美白焕肤修复精华）"",""balance"":1,""consume_unit"":""支"",""consume_unit_id"":0,""unit"":""支"",""ratio"":1,""spu_id"":285013}"
805791,365082,1467,【服务】普利兰修复三文鱼,FW20240329264206879,皮肤科,中胚层项目,285014,透明质酸钠医用修护敷料3ml/瓶（普利兰修复滋润精华液）,1,支,0,支,"{""id"":11649,""service_id"":365082,""goods_id"":285014,""goods_name"":""透明质酸钠医用修护敷料3ml/瓶（普利兰修复滋润精华液）"",""balance"":1,""consume_unit"":""支"",""consume_unit_id"":0,""unit"":""支"",""ratio"":1,""spu_id"":285014}"
805790,365081,1467,【服务】碧翠丝水光,FW20240329937922742,皮肤科,中胚层项目,146735,碧萃诗水光,1,件,0,件,"{""id"":11238,""service_id"":365081,""goods_id"":146735,""goods_name"":""碧萃诗水光"",""balance"":1,""consume_unit"":""件"",""consume_unit_id"":0,""unit"":""件"",""ratio"":1,""spu_id"":146735}"
805784,365075,1467,【服务】华熙丝丽水光针,FW20240329715043414,皮肤科,中胚层项目,274541,华熙丝丽水光,1,支,0,支,"{""id"":11243,""service_id"":365075,""goods_id"":274541,""goods_name"":""华熙丝丽水光"",""balance"":1,""consume_unit"":""支"",""consume_unit_id"":0,""unit"":""支"",""ratio"":1,""spu_id"":274541}"
805783,365074,1467,【服务】丝丽532动能素,FW20240329537434457,皮肤科,中胚层项目,274526,丝丽抗皱精华液532,1,支,0,支,"{""id"":11247,""service_id"":365074,""goods_id"":274526,""goods_name"":""丝丽抗皱精华液532"",""balance"":1,""consume_unit"":""支"",""consume_unit_id"":0,""unit"":""支"",""ratio"":1,""spu_id"":274526}"
248340,141392,1467,【服务】奥珈397抗炎/抗衰,pfzpc01,皮肤科,中胚层项目,108047,奥珈397,1,件,0,件,"{""id"":11253,""service_id"":141392,""goods_id"":108047,""goods_name"":""奥珈397"",""balance"":1,""consume_unit"":""件"",""consume_unit_id"":0,""unit"":""件"",""ratio"":1,""spu_id"":108047}"
838028,376430,1467,【服务】PRP,FW20240522398088121,皮肤科,中胚层项目,274542,无菌液体伤口敷料（富勒烯炫白5ml/支）,1,支,0,支,"{""id"":12626,""service_id"":376430,""goods_id"":274542,""goods_name"":""无菌液体伤口敷料（富勒烯炫白5ml/支）"",""balance"":1,""consume_unit"":""支"",""consume_unit_id"":0,""unit"":""支"",""ratio"":1,""spu_id"":274542}"
813696,368525,1467,【服务】英诺水动力1号瓶,FW20240414764673777,皮肤科,中胚层项目,258818,水动力①号美白瓶,1,件,0,件,"{""id"":11233,""service_id"":368525,""goods_id"":258818,""goods_name"":""水动力①号美白瓶"",""balance"":1,""consume_unit"":""件"",""consume_unit_id"":0,""unit"":""件"",""ratio"":1,""spu_id"":258818}"
192513,123494,1467,【服务】奥珈2.0淡色素,20210523,皮肤科,中胚层项目,108048,奥珈20熊猫针,1,件,0,件,"{""id"":11254,""service_id"":123494,""goods_id"":108048,""goods_name"":""奥珈20熊猫针"",""balance"":1,""consume_unit"":""件"",""consume_unit_id"":0,""unit"":""件"",""ratio"":1,""spu_id"":108048}"
870804,383420,1467,【服务】菲玛吉白雪动能素,FW20240629495065180,皮肤科,中胚层项目,274541,华熙丝丽水光,1,支,0,支,"{""id"":34056,""service_id"":383420,""goods_id"":274541,""goods_name"":""华熙丝丽水光"",""balance"":1,""consume_unit"":""支"",""consume_unit_id"":0,""unit"":""支"",""ratio"":1,""spu_id"":274541}"
809446,366512,1467,【服务】伊肤泉平肤套组,FW20240406426768456,皮肤科,中胚层项目,201919,伊肤泉平肤套组,1,件,0,件,"{""id"":11208,""service_id"":366512,""goods_id"":201919,""goods_name"":""伊肤泉平肤套组"",""balance"":1,""consume_unit"":""件"",""consume_unit_id"":0,""unit"":""件"",""ratio"":1,""spu_id"":201919}"
510815,254663,1467,【服务】科丽真胶原水光针301,y3,皮肤科,中胚层项目,184390,301,1,件,0,件,"{""id"":11244,""service_id"":254663,""goods_id"":184390,""goods_name"":""301"",""balance"":1,""consume_unit"":""件"",""consume_unit_id"":0,""unit"":""件"",""ratio"":1,""spu_id"":184390}"
886564,389839,1467,【服务】美白淡斑素水光,FW20240731584572294,皮肤科,中胚层项目,,,,,,,
989896,422196,1467,熊猫眼护,FW20250104222656100,生美部,生美项目,,,,,,,
989895,422195,1467,日本抗糖化碳酸美白,FW20250104491345917,生美部,生美项目,,,,,,,
989894,422194,1467,深泉水素,FW20250104084798936,生美部,生美项目,,,,,,,
989884,422184,1467,LED光疗灯,FW20250104790153069,生美部,生美项目,,,,,,,
989881,422181,1467,斑痘技术,FW20250104764822343,生美部,生美项目,,,,,,,
989880,422180,1467,深水炸弹,251316,生美部,生美项目,,,,,,,
989877,422177,1467,ECM黑色素管理,251313,生美部,生美项目,,,,,,,
989875,422175,1467,光子单模式,251311,生美部,生美项目,,,,,,,
989874,422174,1467,专家面诊皮肤分析,251310,生美部,生美项目,,,,,,,
989873,422173,1467,斑;痘技术,251309,生美部,生美项目,,,,,,,
989872,422172,1467,碳酸泉洗发（内购卡）,251308,生美部,生美项目,,,,,,,
989871,422171,1467,禅翼热石SPA,251307,生美部,生美项目,,,,,,,
989869,422169,1467,头部舒压按摩,251305,生美部,生美项目,,,,,,,
989867,422167,1467,菲欧曼护理,251303,生美部,生美项目,,,,,,,
989866,422166,1467,眼部护理,251302,生美部,生美项目,,,,,,,
989865,422165,1467,毛囊检测,251301,生美部,生美项目,,,,,,,
989864,422164,1467,专家全方位面部问题检测,251300,生美部,生美项目,,,,,,,
989863,422163,1467,超皮秒祛黄美白,251299,生美部,生美项目,,,,,,,
989862,422162,1467,背部SPA护理,251298,生美部,生美项目,,,,,,,
989861,422161,1467,超光子嫩肤,251296,生美部,生美项目,,,,,,,
989860,422160,1467,双11活动-肩颈舒缓,251295,生美部,生美项目,,,,,,,
989859,422159,1467,背部热石,251294,生美部,生美项目,,,,,,,
989858,422158,1467,日本氧气泡+面部皮肤检测,251293,生美部,生美项目,,,,,,,
989857,422157,1467,和风舒洗+头皮检测,251292,生美部,生美项目,,,,,,,
989856,422156,1467,一休の简SPA,251291,生美部,生美项目,,,,,,,
989854,422154,1467,6选4套餐,251289,生美部,生美项目,,,,,,,
989853,422153,1467,抗糖化美白/日式小颜/干细胞3选1,251288,生美部,生美项目,,,,,,,
989852,422152,1467,碳酸泉洗发+面部清洁（伊智内部价）,251287,生美部,生美项目,,,,,,,
989851,422151,1467,酵素浴（伊智内部价）,251286,生美部,生美项目,,,,,,,
989850,422150,1467,碳酸泉洗发（伊智内部价）,251285,生美部,生美项目,,,,,,,
989848,422148,1467,净颜冰肌,251283,生美部,生美项目,,,,,,,
989846,422146,1467,东京禅冀热石SPA,251281,生美部,生美项目,,,,,,,
989536,422058,1467,手背脱毛,251265,生美部,生美项目,,,,,,,
989535,422057,1467,脐周脱毛,251264,生美部,生美项目,,,,,,,
989534,422056,1467,眉间脱毛,251263,生美部,生美项目,,,,,,,
989533,422055,1467,乳晕脱毛,251262,生美部,生美项目,,,,,,,
989532,422054,1467,脚趾脱毛,251261,生美部,生美项目,,,,,,,
989530,422052,1467,大和之愈整身SPA,251259,生美部,生美项目,,,,,,,
989528,422050,1467,身体预约,251257,生美部,生美项目,,,,,,,
989526,422048,1467,腋下脱毛,251255,生美部,生美项目,,,,,,,
989523,422045,1467,洗发预约,251252,生美部,生美项目,,,,,,,
989520,422042,1467,淋巴,251249,生美部,生美项目,,,,,,,
989519,422041,1467,樱の淋巴净排SPA	【9选品】,251248,生美部,生美项目,,,,,,,
989518,422040,1467,奢华新肌护理极道魔活氧气泡	【9选品】,251247,生美部,生美项目,,,,,,,
989517,422039,1467,日式晓姿眼部护理【9选品】,251246,生美部,生美项目,,,,,,,
989516,422038,1467,一休の简SPA	【9选品】,251245,生美部,生美项目,,,,,,,
989515,422037,1467,加班,251244,生美部,生美项目,,,,,,,
989514,422036,1467,好评,251243,生美部,生美项目,,,,,,,
989513,422035,1467,优质好评,251242,生美部,生美项目,,,,,,,
989511,422033,1467,日式精致小颜【9选品】,251240,生美部,生美项目,,,,,,,
989510,422032,1467,东京禅翼热石SPA	【9选品】,251239,生美部,生美项目,,,,,,,
989509,422031,1467,一休,251238,生美部,生美项目,,,,,,,
989508,422030,1467,极道魔活氧气泡,251237,生美部,生美项目,,,,,,,
989507,422029,1467,日本抗糖化碳酸美白【9选品】,251236,生美部,生美项目,,,,,,,
989506,422028,1467,抗糖美白,251235,生美部,生美项目,,,,,,,
989505,422027,1467,抗糖,251234,生美部,生美项目,,,,,,,
989504,422026,1467,干细胞,251233,生美部,生美项目,,,,,,,
989503,422025,1467,热石3选2,251232,生美部,生美项目,,,,,,,
989502,422024,1467,干细胞看护,251231,生美部,生美项目,,,,,,,
989501,422023,1467,小颜,251230,生美部,生美项目,,,,,,,
989500,422022,1467,日式晓姿眼部护理,251229,生美部,生美项目,,,,,,,
989499,422021,1467,【深源补水黑科技】水光炸弹,251228,生美部,生美项目,,,,,,,
989498,422020,1467,星空幻影美瞳线,251227,生美部,生美项目,,,,,,,
989497,422019,1467,魅力电眼美瞳线,251226,生美部,生美项目,,,,,,,
989496,422018,1467,果冻妈生唇,251225,生美部,生美项目,,,,,,,
989495,422017,1467,少女裸妆唇,251224,生美部,生美项目,,,,,,,
989494,422016,1467,丝雾野生眉,251223,生美部,生美项目,,,,,,,
989493,422015,1467,仿真线条眉,251222,生美部,生美项目,,,,,,,
989492,422014,1467,素颜柔雾眉,251221,生美部,生美项目,,,,,,,
989491,422013,1467,妆感氧气眉,251220,生美部,生美项目,,,,,,,
989490,422012,1467,项目调整,251219,生美部,生美项目,,,,,,,
989489,422011,1467,【退红修护】舒敏无忧,251218,生美部,生美项目,,,,,,,
989487,422009,1467,【眼部抗衰】眼部小熨斗,251216,生美部,生美项目,,,,,,,
989486,422008,1467,菲欧曼深层护理	【9选品】,251215,生美部,生美项目,,,,,,,
989485,422007,1467,净颜冰肌	【9选品】,251214,生美部,生美项目,,,,,,,
989483,422005,1467,688新客卡,251212,生美部,生美项目,,,,,,,
989481,422003,1467,【多效美肤】女神绵绵针,251210,生美部,生美项目,,,,,,,
989479,422001,1467,面部预约,251208,生美部,生美项目,,,,,,,
989478,422000,1467,【眼部SPA】桃花眼,251207,生美部,生美项目,,,,,,,
833863,375284,1467,【服务】补差价,FW20240518749942682,皮肤科,小项目,,,,,,,
989551,422073,1467,【气血供养】美胸SPA,251280,生美部,生美项目,,,,,,,
989550,422072,1467,【经络疏通】臀疗养护,251279,生美部,生美项目,,,,,,,
989549,422071,1467,比基尼造型管理脱毛,251278,生美部,生美项目,,,,,,,
989548,422070,1467,比基尼VIO脱毛,251277,生美部,生美项目,,,,,,,
989547,422069,1467,络腮胡脱毛,251276,生美部,生美项目,,,,,,,
989546,422068,1467,鬓角脱毛,251275,生美部,生美项目,,,,,,,
989545,422067,1467,发际线脱毛,251274,生美部,生美项目,,,,,,,
989544,422066,1467,比基尼O区脱毛,251273,生美部,生美项目,,,,,,,
989543,422065,1467,比基尼I区脱毛,251272,生美部,生美项目,,,,,,,
989542,422064,1467,比基尼V区脱毛,251271,生美部,生美项目,,,,,,,
989541,422063,1467,大腿脱毛,251270,生美部,生美项目,,,,,,,
989540,422062,1467,大手臂脱毛,251269,生美部,生美项目,,,,,,,
989539,422061,1467,小腿脱毛,251268,生美部,生美项目,,,,,,,
989538,422060,1467,小手臂脱毛,251267,生美部,生美项目,,,,,,,
989537,422059,1467,脚背脱毛,251266,生美部,生美项目,,,,,,,
988258,421831,1467,【服务】丽珠兰白盒,FW20250101613160687,皮肤科,中胚层项目,,,,,,,
987974,421705,1467,艾塑菲,FW20241230579708681,无创科,玻尿酸（塑形填充）,,,,,,,
986200,421269,1467,皮试手工,FW20241227526817050,无创科,无创手工,,,,,,,
809314,366394,1467,【服务】国产衡力下颌缘,FW20240405916162048,无创科,肉毒素治疗,,,,,,,
188844,122155,1467,【服务】两鬓角脱毛,2021517,皮肤科,脱毛项目,,,,,,,
984578,420643,1467,【服务】公主,FW20241221650040098,无创科,玻尿酸（塑形填充）,274199,“弗缦”医用胶原充填剂1ml,1,盒,0,盒,"{""id"":66678,""service_id"":420643,""goods_id"":274199,""goods_name"":""“弗缦”医用胶原充填剂1ml"",""balance"":1,""consume_unit"":""盒"",""consume_unit_id"":0,""unit"":""盒"",""ratio"":1,""spu_id"":274199}"
984471,420539,1467,【服务】瑞蓝2号玻尿酸,FW20241220135109717,无创科,玻尿酸（塑形填充）,274199,“弗缦”医用胶原充填剂1ml,1,盒,0,盒,"{""id"":66677,""service_id"":420539,""goods_id"":274199,""goods_name"":""“弗缦”医用胶原充填剂1ml"",""balance"":1,""consume_unit"":""盒"",""consume_unit_id"":0,""unit"":""盒"",""ratio"":1,""spu_id"":274199}"
105332,69623,1467,经典全切重睑术,ZW002,整外科,眼部-重睑术,,,,,,,
955369,407358,1467,【服务】黄金超声炮下颌缘,FW20241029612211136,皮肤科,光电项目,,,,,,,
805812,365103,1467,【服务】国产衡力肉毒加入水光,FW20240329129391678,无创科,肉毒素治疗,,,,,,,
960272,409610,1467,【服务】道趣芙琳恒白瓶,FW20241110334187253,皮肤科,中胚层项目,274513,医用透明质酸钠凝胶2.0ml（海月兰）,1,支,0,支,"{""id"":62138,""service_id"":409610,""goods_id"":274513,""goods_name"":""医用透明质酸钠凝胶2.0ml（海月兰）"",""balance"":1,""consume_unit"":""支"",""consume_unit_id"":0,""unit"":""支"",""ratio"":1,""spu_id"":274513}"
105334,69625,1467,韩式微雕综合重睑术,ZW004,整外科,眼部-重睑术,,,,,,,
958886,409092,1467,【服务】丽驻兰黑盒,FW20241106881343173,皮肤科,中胚层项目,,,,,,,
181277,118258,1467,外切去眼袋,0460,整外科,眼部-眼袋手术,,,,,,,
181263,118244,1467,眶隔释放眼袋矫正术,047,整外科,眼部-重睑术,,,,,,,
954753,406984,1467,【服务】一纳水杨酸,FW20241026066606726,皮肤科,小项目,,,,,,,
953594,406457,1467,【服务】馒化脸修复,FW20241023028276931,无创科,玻尿酸（塑形填充）,274206,注射用交联透明质酸钠凝胶（0.8ml/支 2支/盒）雅致,1,支,3241,盒,"{""id"":58412,""service_id"":406457,""goods_id"":274206,""goods_name"":""注射用交联透明质酸钠凝胶（0.8ml/支 2支/盒）雅致"",""balance"":1,""consume_unit"":""支"",""consume_unit_id"":3241,""unit"":""盒"",""ratio"":2,""spu_id"":274206}"
953590,406453,1467,【服务】生美桃花眼,FW20241023300790637,皮肤科,小项目,,,,,,,
948614,405804,1467,【服务】热石spa按摩60min,FW20241021140146829,皮肤科,小项目,,,,,,,
948612,405802,1467,【服务】艾维岚,FW20241021623369875,无创科,玻尿酸（塑形填充）,274206,注射用交联透明质酸钠凝胶（0.8ml/支 2支/盒）雅致,1,支,3241,盒,"{""id"":57888,""service_id"":405802,""goods_id"":274206,""goods_name"":""注射用交联透明质酸钠凝胶（0.8ml/支 2支/盒）雅致"",""balance"":1,""consume_unit"":""支"",""consume_unit_id"":3241,""unit"":""盒"",""ratio"":2,""spu_id"":274206}"
948610,405800,1467,【服务】丝丽532眼周手针,FW20241021392333210,皮肤科,中胚层项目,274514,无菌液体伤口敷料（富勒烯3ml/支）,1,支,0,支,"{""id"":57886,""service_id"":405800,""goods_id"":274514,""goods_name"":""无菌液体伤口敷料（富勒烯3ml/支）"",""balance"":1,""consume_unit"":""支"",""consume_unit_id"":0,""unit"":""支"",""ratio"":1,""spu_id"":274514}"
948604,405798,1467,【服务】和风舒洗35min,FW20241021477782005,皮肤科,小项目,,,,,,,
150376,99766,1467,络腮胡脱毛（手工）,sg024,皮肤科,手工,,,,,,,
916843,402424,1467,【服务】瑞恩诗胶原+丰丽雅（面眼颈）水光,FW20241006399272916,皮肤科,中胚层项目,184391,101,1,件,0,件,"{""id"":56018,""service_id"":402424,""goods_id"":184391,""goods_name"":""101"",""balance"":1,""consume_unit"":""件"",""consume_unit_id"":0,""unit"":""件"",""ratio"":1,""spu_id"":184391}"
806093,365290,1467,visia皮肤检测好评,FW20240331916216037,皮肤科,小项目,,,,,,,
915310,401843,1467,【服务】超皮秒（淡化黑眼圈）,FW20240930257592331,皮肤科,光电项目,,,,,,,
914830,401595,1467,【服务】润百颜黑金1ml,FW20240929622753391,无创科,玻尿酸（塑形填充）,274203,"伊婉V
（注射用修饰透明质酸钠凝胶）",1,支,0,支,"{""id"":54033,""service_id"":401595,""goods_id"":274203,""goods_name"":""伊婉V\n（注射用修饰透明质酸钠凝胶）"",""balance"":1,""consume_unit"":""支"",""consume_unit_id"":0,""unit"":""支"",""ratio"":1,""spu_id"":274203}"
897992,394735,1467,[服务]少女针伊妍仕,FW20240827178364546,无创科,玻尿酸（塑形填充）,274210,注射用交联透明质酸钠凝胶(艾莉薇传奇版蓝盒）,1,支,0,支,"{""id"":46062,""service_id"":394735,""goods_id"":274210,""goods_name"":""注射用交联透明质酸钠凝胶(艾莉薇传奇版蓝盒）"",""balance"":1,""consume_unit"":""支"",""consume_unit_id"":0,""unit"":""支"",""ratio"":1,""spu_id"":274210}"
897991,394734,1467,【服务】进口全脸除皱100u,FW20240827041827588,无创科,肉毒素治疗,,,,,,,
895533,393474,1467,【服务】5代热玛吉900发,FW20240820380181380,皮肤科,光电项目,,,,,,,
887886,390217,1467,【服务】丽珠兰白瓷,FW20240803054147171,皮肤科,中胚层项目,,,,,,,
886539,389825,1467,【服务】欧洲之星三模式,FW20240731044300498,皮肤科,光电项目,,,,,,,
886536,389822,1467,【服务】修丽可高光瓶,FW20240731044013805,皮肤科,中胚层项目,,,,,,,
885600,389621,1467,【服务】复配淡斑水光,FW20240728542545694,皮肤科,中胚层项目,,,,,,,
885599,389620,1467,【服务】复配美白水光,FW20240728042619286,皮肤科,中胚层项目,,,,,,,
876561,385731,1467,项目产品调整,FW20240710026947132,咨询部,借台费,,,,,,,
873706,384301,1467,多项目局麻手工（眼+鼻/下巴/吸脂/自体脂肪填充）,FW20240704307475323,整外科,整外手工,,,,,,,
873704,384299,1467,植发手工,FW20240704996028973,整外科,整外手工,,,,,,,
853649,378767,1467,【服务】净斑素,FW20240603138734044,皮肤科,中胚层项目,,,,,,,
851937,378562,1467,【服务】菲洛嘉,FW20240531140038942,皮肤科,中胚层项目,,,,,,,
837504,376166,1467,visia皮肤检测,FW20240521060593076,皮肤科,小项目,,,,,,,
829848,374708,1467,【服务】二氧化碳激光点阵,FW20240514701367712,皮肤科,光电项目,,,,,,,
828172,374234,1467,测试链接~勿拍,FW20240510543003519,活动项目汇总,第一届最美医美人,,,,,,,
823598,372468,1467,【服务】进口下颌缘,FW20240501100761374,无创科,肉毒素治疗,,,,,,,
818482,370193,1467,【服务】舒敏之星 ,FW20240422808127308,皮肤科,小项目,,,,,,,
814821,369006,1467,【服务】国产衡力单部位（颏肌）,FW20240417240093919,无创科,肉毒素治疗,,,,,,,
805839,365126,1467,全麻体检,FW20240329299387851,整外科,其他手术,,,,,,,
805838,365125,1467,局麻体检,FW20240329968028723,整外科,其他手术,,,,,,,
805837,365124,1467,局麻,FW20240329898567872,麻醉科,麻醉,,,,,,,
805835,365122,1467,单部位线雕,FW20240329718256207,无创科,（长效型线雕）悦美艺术线雕,,,,,,,
805834,365121,1467,进口全脸线雕,FW20240329011814795,无创科,（长效型线雕）悦美艺术线雕,,,,,,,
805833,365120,1467,国产全脸线雕,FW20240329963413120,无创科,（长效型线雕）悦美艺术线雕,,,,,,,
805832,365119,1467,内吸眼袋,FW20240329033830125,整外科,眼部-眼袋手术,,,,,,,
805831,365118,1467,【服务】纹眉-雾根眉,FW20240329045261149,纹绣部,纹眉,,,,,,,
805830,365117,1467,【服务】纹眉-线条眉,FW20240329244464395,纹绣部,纹眉,,,,,,,
805826,365115,1467,【服务】伊妍仕少女针1ml,FW20240329074732655,无创科,玻尿酸（塑形填充）,,,,,,,
805821,365112,1467,【服务】乔雅登缇颜1.0,FW20240329676440579,无创科,玻尿酸（塑形填充）,,,,,,,
805819,365110,1467,【服务】乔雅登丰颜1.0,FW20240329382013789,无创科,玻尿酸（塑形填充）,,,,,,,
805811,365102,1467,【服务】进口botox肉毒加入水光,FW20240329126785896,无创科,肉毒素治疗,,,,,,,
805810,365101,1467,【服务】国产肉毒加入水光,FW20240329866805474,无创科,肉毒素治疗,,,,,,,
805808,365099,1467,【服务】进口botox颈阔肌,FW20240329488819504,无创科,肉毒素治疗,,,,,,,
805807,365098,1467,【服务】进口botox瘦脸针,FW20240329541360597,无创科,肉毒素治疗,,,,,,,
805806,365097,1467,【服务】进口botox瘦肩/瘦小腿200u,FW20240329224935780,无创科,肉毒素治疗,,,,,,,
805780,365071,1467,【服务】四代热玛吉眼部,FW20240329559550373,皮肤科,光电项目,,,,,,,
805779,365070,1467,【服务】四代热玛吉面部+颈部,FW20240329271529134,皮肤科,光电项目,,,,,,,
805778,365069,1467,【服务】四代热玛吉面部,FW20240329065103553,皮肤科,光电项目,,,,,,,
805777,365068,1467,【服务】欧洲之星（颈部）,FW20240329058440891,皮肤科,光电项目,,,,,,,
805771,365062,1467,【服务】超皮秒（补单）,FW20240329509505102,皮肤科,光电项目,,,,,,,
805766,365057,1467,【服务】肚脐眼脱毛,FW20240329557683082,皮肤科,脱毛项目,,,,,,,
805135,365011,1467,【服务】下巴脱毛,FW20240329024238942,皮肤科,脱毛项目,,,,,,,
802883,363939,1467,拆线,FW20240325227268870,整外科,整外手工,,,,,,,
802882,363938,1467,换药,FW20240325013982935,整外科,整外手工,,,,,,,
802881,363937,1467,抽血,FW20240325645586573,整外科,整外手工,,,,,,,
802880,363936,1467,输液,FW20240325119817411,整外科,整外手工,,,,,,,
802879,363935,1467,夜班费,FW20240325997121897,整外科,整外手工,,,,,,,
802878,363934,1467,全麻手工,FW20240325816508502,整外科,整外手工,,,,,,,
802877,363933,1467,局麻手工,FW20240325006169084,整外科,整外手工,,,,,,,
772936,353282,1467,单部位吸脂,DB001,整外科,脂肪手术,,,,,,,
770733,352021,1467,打水光+(复合）,SG241607,皮肤科,手工,,,,,,,
770613,352002,1467,打热玛吉,sg241606,皮肤科,手工,,,,,,,
770612,352001,1467,打全超声炮,sg241604,皮肤科,手工,,,,,,,
770611,352000,1467,打半超声炮,sg241603,皮肤科,手工,,,,,,,
766720,350313,1467,筋膜复位提升术,JM0001,整外科,其他手术,,,,,,,
630352,297543,1467,拆线换药,CX01,整外科,眼部-重睑术,,,,,,,
510817,254665,1467,润百颜0.5ml,y5,无创科,玻尿酸（塑形填充）,,,,,,,
471226,237313,1467,美骨秘颜单部位,WC322,无创科,玻尿酸（塑形填充）,,,,,,,
453208,228515,1467,借台费,JT01,咨询部,借台费,,,,,,,
426861,208857,1467,【服务】优斐斯,pfk213,皮肤科,中胚层项目,,,,,,,
424244,206911,1467,打CC（手工）,SG28,皮肤科,手工,,,,,,,
424243,206910,1467,打二氧化碳（手工）,SG27,皮肤科,手工,,,,,,,
424242,206909,1467,打黄金超光子（手工）,SG26,皮肤科,手工,,,,,,,
424241,206908,1467,打光子单模式（手工）,SG25,皮肤科,手工,,,,,,,
424240,206907,1467,打4D全面部/含眼或颈（手工）,SG24,皮肤科,手工,,,,,,,
424239,206906,1467,打4D全面部/全模式（手工）,SG23,皮肤科,手工,,,,,,,
424238,206905,1467,打4D局部（手工）,SG22,皮肤科,手工,,,,,,,
424237,206904,1467,打1565（手工）,SG21,皮肤科,手工,,,,,,,
424236,206903,1467,打超皮秒（手工）,SG20,皮肤科,手工,,,,,,,
424233,206900,1467,打CO2点阵（手工）,SG17,皮肤科,手工,,,,,,,
424232,206899,1467,打黄金射频（手工）,SG16,皮肤科,手工,,,,,,,
424228,206895,1467,针清（手工）,SG12,皮肤科,手工,,,,,,,
365670,179093,1467,【服务】特思嘉  密密弹  2980元/次,TP02,无创科,头皮水光,,,,,,,
365669,179092,1467,【服务】特思嘉 长长弹,TP01,无创科,头皮水光,,,,,,,
363545,177887,1467,水光针针头（耗材产品）,050,皮肤科,手工,,,,,,,
334327,159868,1467,纹绣-唇转色,WX10,纹绣部,纹唇,,,,,,,
334326,159867,1467,纹绣-高奢水晶唇（双色）,WX09,纹绣部,纹唇,,,,,,,
334325,159866,1467,纹绣-轻奢水晶唇,WX08,纹绣部,纹唇,,,,,,,
334319,159863,1467,纹绣-美瞳线,WX05,纹绣部,纹眼线,,,,,,,
255982,145588,1467,【服务】黄金射频微针腹部,pfzphjf,皮肤科,光电项目,,,,,,,
198894,127983,1467,【服务】半永久纹唇-单色,987,纹绣部,纹唇,,,,,,,
198893,127982,1467,【服务】纹眉-丝雾眉,988,纹绣部,纹眉,,,,,,,
188845,122156,1467,【服务】脱手背毛一双,2021518,皮肤科,脱毛项目,,,,,,,
181278,118259,1467,进口假体综合隆鼻,04900,整外科,鼻部-鼻综合,,,,,,,
181276,118257,1467,上睑下垂调整术,0440,整外科,眼部-重睑术,,,,,,,
181265,118246,1467,隆颏术（国产假体）,054,整外科,下巴手术,,,,,,,
181264,118245,1467,国产假体耳软骨隆鼻,048,整外科,鼻部-鼻综合,,,,,,,
181262,118243,1467,开内眼角,043,整外科,眼部-重睑术,,,,,,,
181261,118242,1467,上睑松弛矫正术,042,整外科,眼部-重睑术,,,,,,,
181254,118235,1467,【服务】国产玻尿酸润百颜1ml,034,无创科,玻尿酸（塑形填充）,,,,,,,
181245,118226,1467,【服务】东国,023,皮肤科,中胚层项目,,,,,,,
181235,118216,1467,【服务】芯丝翠进口果酸,00900,皮肤科,小项目,,,,,,,
170275,111802,1467,【服务】思美润平痘修复套组,044,皮肤科,中胚层项目,,,,,,,
167944,109918,1467,【服务】思美润美白修复套组,028,皮肤科,中胚层项目,,,,,,,
167682,109792,1467,密丽除疤痕膏,0327,整外科,其他手术,,,,,,,
160350,104570,1467,东方鬓露女士毛囊滋养液,284,整外科,其他手术,,,,,,,
160348,104568,1467,东方鬓露男士毛囊滋养液,287,整外科,其他手术,,,,,,,
160347,104567,1467,达霏欣米诺地尔搽剂,259,整外科,其他手术,,,,,,,
160346,104566,1467,启悦非那雄胺片,258,整外科,其他手术,,,,,,,
158929,103244,1467,植发/单位,999,整外科,其他手术,,,,,,,
150397,99787,1467,唇毛脱毛（手工）,cm001,皮肤科,手工,,,,,,,
150396,99786,1467,比基尼脱毛（手工）,cm002,皮肤科,手工,,,,,,,
150395,99785,1467,腋毛脱毛（手工）,sg025,皮肤科,手工,,,,,,,
150394,99784,1467,胸毛脱毛（手工）,sg044,皮肤科,手工,,,,,,,
150392,99782,1467,大腿脱毛（手工）,sg042,皮肤科,手工,,,,,,,
150391,99781,1467,颈部脱毛（手工）,sg041,皮肤科,手工,,,,,,,
150390,99780,1467,手指脱毛（手工）,sg040,皮肤科,手工,,,,,,,
150389,99779,1467,乳晕脱毛（手工）,sg039,皮肤科,手工,,,,,,,
150388,99778,1467,腹部脱毛（手工）,sg037,皮肤科,手工,,,,,,,
150387,99777,1467,脐周脱毛（手工）,sg036,皮肤科,手工,,,,,,,
150386,99776,1467,眉毛修整（手工）,sg035,皮肤科,手工,,,,,,,
150385,99775,1467,下颌脱毛（手工）,sg034,皮肤科,手工,,,,,,,
150384,99774,1467,额头脱毛（手工）,sg033,皮肤科,手工,,,,,,,
150383,99773,1467,背部脱毛（手工）,sg032,皮肤科,手工,,,,,,,
150382,99772,1467,小腿脱毛（手工）,sg031,皮肤科,手工,,,,,,,
150381,99771,1467,脸颊脱毛（手工）,sg030,皮肤科,手工,,,,,,,
150380,99770,1467,手背脱毛（手工）,sg029,皮肤科,手工,,,,,,,
150379,99769,1467,脚背脱毛（手工）,sg028,皮肤科,手工,,,,,,,
150378,99768,1467,脚趾脱毛（手工）,sg027,皮肤科,手工,,,,,,,
150377,99767,1467,两鬓角脱毛（手工）,sg026,皮肤科,手工,,,,,,,
150375,99765,1467,臀部脱毛（手工）,sg023,皮肤科,手工,,,,,,,
150374,99764,1467,后发际线脱毛（手工）,sg022,皮肤科,手工,,,,,,,
150373,99763,1467,前发际线脱毛（手工）,sg021,皮肤科,手工,,,,,,,
150372,99762,1467,下手臂脱毛（手工）,sg020,皮肤科,手工,,,,,,,
150371,99761,1467,上手臂脱毛（手工）,sg019,皮肤科,手工,,,,,,,
150370,99760,1467,全脸脱毛（手工）,sg018,皮肤科,手工,,,,,,,
150367,99757,1467,激光配台（手工）,sg015,皮肤科,手工,,,,,,,
150366,99756,1467,检测拍摄（手工）,sg014,皮肤科,手工,,,,,,,
150365,99755,1467,小气泡（手工）,sg013,皮肤科,手工,,,,,,,
150357,99747,1467,LED（手工）,sg005,皮肤科,手工,,,,,,,
138901,92828,1467,其他,0000,美丽管家部,分诊,,,,,,,
138900,92827,1467,再消费,004,美丽管家部,分诊,,,,,,,
105411,69702,1467,私密整形,ZW081,整外科,其他手术,,,,,,,
105410,69701,1467,小切口除皱术（小拉皮手术）,ZW080,整外科,其他手术,,,,,,,
105409,69700,1467,腋臭切除术,ZW079,整外科,其他手术,,,,,,,
105408,69699,1467,唇腭裂修复术,ZW078,整外科,其他手术,,,,,,,
105407,69698,1467,疤痕切除术,ZW077,整外科,其他手术,,,,,,,
105405,69696,1467,酒窝成型术,ZW075,整外科,其他手术,,,,,,,
105404,69695,1467,厚唇改薄术,ZW074,整外科,其他手术,,,,,,,
105403,69694,1467,进口膨体,ZW073,整外科,下巴手术,,,,,,,
105402,69693,1467,国产膨体,ZW072,整外科,下巴手术,,,,,,,
105401,69692,1467,进口假体,ZW071,整外科,下巴手术,,,,,,,
105400,69691,1467,国产假体,ZW070,整外科,下巴手术,,,,,,,
105399,69690,1467,大腿环吸,ZW069,整外科,脂肪手术,,,,,,,
105398,69689,1467,腰腹吸脂,ZW068,整外科,脂肪手术,,,,,,,
105397,69688,1467,手臂吸脂（蝴蝶袖）,ZW067,整外科,脂肪手术,,,,,,,
105396,69687,1467,脂肪填充单部位,ZW066,整外科,脂肪手术,,,,,,,
105395,69686,1467,乳房注射材料取出,ZW065,整外科,隆胸手术,,,,,,,
105394,69685,1467,副乳切除术,ZW064,整外科,隆胸手术,,,,,,,
105393,69684,1467,乳晕缩小,ZW063,整外科,隆胸手术,,,,,,,
105392,69683,1467,乳头缩小,ZW062,整外科,隆胸手术,,,,,,,
105391,69682,1467,乳房肥大矫正术,ZW061,整外科,隆胸手术,,,,,,,
105390,69681,1467,乳房下垂矫正术,ZW060,整外科,隆胸手术,,,,,,,
105389,69680,1467,自体脂肪隆胸,ZW059,整外科,隆胸手术,,,,,,,
105388,69679,1467,进口假体隆胸（美国奥诺拉）,ZW058,整外科,隆胸手术,,,,,,,
105387,69678,1467,进口假体隆胸(德国宝俪),ZW057,整外科,隆胸手术,,,,,,,
105386,69677,1467,进口假体隆胸（美国曼陀）,ZW056,整外科,隆胸手术,,,,,,,
105385,69676,1467,进口假体隆胸（韩国蓓拉）,ZW055,整外科,隆胸手术,,,,,,,
105384,69675,1467,国产假体隆胸（蓝贝）,ZW054,整外科,隆胸手术,,,,,,,
105383,69674,1467,鼻部失败手术修复费,ZW053,整外科,鼻部-鼻综合,,,,,,,
105382,69673,1467,取鼻假体（膨体/注射材料）,ZW052,整外科,鼻部-鼻综合,,,,,,,
105381,69672,1467,取鼻假体（硅胶）,ZW051,整外科,鼻部-鼻综合,,,,,,,
105380,69671,1467,鼻基底填充（肋骨）,ZW050,整外科,鼻部-鼻综合,,,,,,,
105379,69670,1467,鼻基底填充（膨体）,ZW049,整外科,鼻部-鼻综合,,,,,,,
105378,69669,1467,鼻基底填充（硅胶）,ZW048,整外科,鼻部-鼻综合,,,,,,,
105377,69668,1467,鼻中隔矫正（歪鼻矫正）,ZW047,整外科,鼻部-鼻综合,,,,,,,
105376,69667,1467,鼻小柱延长,ZW046,整外科,鼻部-鼻综合,,,,,,,
105375,69666,1467,鼻小柱缩短,ZW045,整外科,鼻部-鼻综合,,,,,,,
105374,69665,1467,驼峰鼻矫正,ZW044,整外科,鼻部-鼻综合,,,,,,,
105373,69664,1467,宽鼻改窄,ZW043,整外科,鼻部-鼻综合,,,,,,,
105372,69663,1467,鼻翼缩小,ZW042,整外科,鼻部-鼻综合,,,,,,,
105371,69662,1467,鼻头缩小,ZW041,整外科,鼻部-鼻综合,,,,,,,
105370,69661,1467,专家点名费,ZW040,整外科,鼻部-鼻综合,,,,,,,
105354,69645,1467,眶隔释放综合去眼袋（脂肪平铺+筋膜悬吊）,ZW024,整外科,眼部-眼袋手术,,,,,,,
105353,69644,1467,眶隔释放眼袋矫正术（眶袋脂肪平铺）,ZW023,整外科,眼部-眼袋手术,,,,,,,
105346,69637,1467,提眉术,ZW016,整外科,眼部-眉部手术,,,,,,,
105345,69636,1467,切眉术,ZW015,整外科,眼部-眉部手术,,,,,,,
105344,69635,1467,眼线切除术,ZW014,整外科,眼部-眉部手术,,,,,,,
105343,69634,1467,眼部失败手术修复,ZW013,整外科,眼部-重睑术,,,,,,,
105342,69633,1467,倒睫矫正术,ZW012,整外科,眼部-重睑术,,,,,,,
105340,69631,1467,上睑下垂调整术（提上睑肌调整）,ZW010,整外科,眼部-重睑术,,,,,,,
105339,69630,1467,上睑松弛矫正术（眉部/睑板切口）,ZW009,整外科,眼部-重睑术,,,,,,,
105338,69629,1467,外眦成型术（外眼角）,ZW008,整外科,眼部-重睑术,,,,,,,
105337,69628,1467,内眦赘皮矫正术（开内眼角）,ZW007,整外科,眼部-重睑术,,,,,,,
105188,69481,1467,镇痛泵（丰胸等手术术后携带）,mz004,麻醉科,麻醉,,,,,,,
105187,69480,1467,全麻插管,mz003,麻醉科,麻醉,,,,,,,
105186,69479,1467,静脉麻醉,mz002,麻醉科,麻醉,,,,,,,
105185,69478,1467,常规无痛麻醉（小手术）,mz001,麻醉科,麻醉,,,,,,,
104007,68382,1467,【服务】可选择型添加VC,pfk031,皮肤科,中胚层项目,,,,,,,
104003,68378,1467,【服务】洗眉/眼/唇/乳,pfk080,皮肤科,洗眉/眼/唇/乳,,,,,,,
104002,68377,1467,【服务】孕睫术,pfk079,皮肤科,半永久孕睫术,,,,,,,
104000,68375,1467,【服务】半永久粉嫩乳晕,pfk077,皮肤科,半永久乳晕,,,,,,,
103994,68369,1467,【服务】经典漂唇,pfk071,纹绣部,纹唇,,,,,,,
103983,68358,1467,【服务】进口水杨酸,pfk015,皮肤科,小项目,,,,,,,
103980,68355,1467,【服务】二氧化碳激光清痘,pfk012,皮肤科,光电项目,,,,,,,
103964,68339,1467,【服务】皮赘/扁平疣/汗管瘤/脂肪粒,pfk027,皮肤科,光电项目,,,,,,,
103962,68337,1467,【服务】其他身体单部位,pfk086,皮肤科,脱毛项目,,,,,,,
103734,68114,1467,【服务】溶解酶,WC135,无创科,玻尿酸（塑形填充）,,,,,,,
103673,68053,1467,苹果肌复位术,WC095,无创科,（长效型线雕）悦美艺术线雕,,,,,,,
103668,68048,1467,【服务】双美胶原蛋白2号1m,WC053,无创科,玻尿酸（塑形填充）,,,,,,,
103666,68046,1467,【服务】宝尼达0.5ml,WC051,无创科,玻尿酸（塑形填充）,,,,,,,
103665,68045,1467,【服务】特价海薇M+玻尿酸1ml,WC050,无创科,玻尿酸（塑形填充）,,,,,,,
103662,68042,1467,【服务】海薇玻尿酸1ml,WC047,无创科,玻尿酸（塑形填充）,,,,,,,
103659,68039,1467,【服务】爱芙莱玻尿酸1ml,WC044,无创科,玻尿酸（塑形填充）,,,,,,,
103648,68028,1467,【服务】特价铂金瑞蓝玻尿酸1ml,WC033,无创科,玻尿酸（塑形填充）,,,,,,,
89623,59901,1467,纯韩微创三点重睑术（国内,007,整外科,眼部-重睑术,,,,,,,
89622,59900,1467,纯韩微创三点重睑术（韩美）,006,整外科,眼部-重睑术,,,,,,,
89619,59897,1467,复查,003,美丽管家部,分诊,,,,,,,
